{"modelVersion":"2.2","previousArtifactVersion":"1.7.69","id":"standardSignatureYousignMail","name":"standardSignatureYousignMail","lastUpdate":1662298602097,"rows":[[{"type":"container","dimension":{"xs":12},"propertyValues":{"cssClasses":{"type":"constant","value":""},"hidden":{"type":"constant","value":false},"repeatedCollection":{"type":"variable","value":""}},"reference":"b94cfed9-c089-4948-91c4-27d0eed315fd","hasValidationError":false,"id":"pbContainer","rows":[[{"type":"tabsContainer","dimension":{"xs":12,"sm":12,"md":12,"lg":12},"propertyValues":{"cssClasses":{"type":"constant","value":""},"hidden":{"type":"constant","value":false},"vertical":{"type":"constant","value":false},"type":{"type":"constant","value":"tabs"}},"reference":"aff4e547-7556-40ed-99b5-c10bdb60fdb0","hasValidationError":false,"id":"pbTabsContainer","tabList":[{"type":"tabContainer","dimension":{"xs":12,"sm":12,"md":12,"lg":12},"propertyValues":{"cssClasses":{"type":"constant","value":""},"hidden":{"type":"constant","value":false},"disabled":{"type":"constant","value":false},"title":{"type":"interpolation","value":"Signature"},"active":{"type":"variable","value":""}},"reference":"10d40afe-80ea-44d5-850c-871c992644f9","hasValidationError":false,"id":"pbTabContainer","container":{"type":"container","dimension":{"xs":12},"propertyValues":{},"reference":"fd9a6cf9-e9fd-4bad-a60f-89e6c33256d4","hasValidationError":false,"id":"pbContainer","rows":[[{"type":"component","dimension":{"xs":12,"md":12,"lg":12},"propertyValues":{"cssClasses":{"type":"constant","value":""},"hidden":{"type":"constant","value":false},"procedure":{"type":"expression","value":"yousign_procedure.value"},"height":{"type":"constant","value":700}},"reference":"c27762fc-66f3-4cdc-a225-b31f55bb0319","hasValidationError":false,"id":"customGofastYousignIframe"}]]}},{"type":"tabContainer","dimension":{"xs":12,"sm":12,"md":12,"lg":12},"propertyValues":{"cssClasses":{"type":"constant","value":""},"hidden":{"type":"constant","value":false},"disabled":{"type":"constant","value":false},"title":{"type":"interpolation","value":"Commentaires"},"active":{"type":"variable","value":""}},"reference":"158a1f28-36ba-4a68-b423-111daa32fa12","hasValidationError":false,"id":"pbTabContainer","container":{"type":"container","dimension":{"xs":12},"propertyValues":{},"reference":"ef47bf8c-2d69-4f94-91f4-1d29e721a250","hasValidationError":false,"id":"pbContainer","rows":[[]]}},{"type":"tabContainer","dimension":{"xs":12,"sm":12,"md":12,"lg":12},"propertyValues":{"cssClasses":{"type":"constant","value":""},"hidden":{"type":"constant","value":false},"disabled":{"type":"constant","value":false},"title":{"type":"interpolation","value":"Historique"},"active":{"type":"variable","value":""}},"reference":"8f72ce99-31a7-4044-a6ab-05e700ff0d29","hasValidationError":false,"id":"pbTabContainer","container":{"type":"container","dimension":{"xs":12},"propertyValues":{},"reference":"8c47717c-48d6-4aa1-9887-bab31b24500e","hasValidationError":false,"id":"pbContainer","rows":[[{"type":"component","dimension":{"xs":12,"md":12,"lg":12},"propertyValues":{"cssClasses":{"type":"constant","value":""},"hidden":{"type":"constant","value":false},"text":{"type":"interpolation","value":"{{\"header.history\" | gfTranslate}}"},"level":{"type":"constant","value":"Level 4"},"alignment":{"type":"constant","value":"left"}},"reference":"6c177201-4f78-47c3-8c9c-5e29950bfad3","hasValidationError":false,"id":"pbTitle"}],[{"type":"component","dimension":{"xs":12,"md":12,"lg":12},"propertyValues":{"cssClasses":{"type":"constant","value":""},"hidden":{"type":"constant","value":false},"context":{"type":"variable","value":""}},"reference":"f11e8538-e910-41d8-a4f3-2c4ac90c40f5","hasValidationError":false,"id":"customProcessHistory"}]]}}]}]]}]],"assets":[{"id":"71ec20b9-53e6-461f-b4bd-501eb2b51eda","name":"gofast_ui_designer_translate.js","type":"js","order":1,"external":false},{"id":"edfd5332-28ae-4912-adfd-b1fb2ab2da68","name":"style.css","type":"css","order":0,"external":false},{"id":"e8519b00-5342-47bb-82d9-18420fb639d5","name":"resize_modal.js","type":"js","order":2,"external":false}],"inactiveAssets":[],"variables":{"langcode":{"type":"urlparameter","value":["locale"],"exposed":false},"task":{"type":"url","value":["../API/bpm/userTask/{{taskId}}"],"exposed":false},"formInput":{"type":"json","value":["{\r","  \"comment_input\" : \"\",\r","  \"validation_input\" : \"1\"\r","}"],"exposed":false},"GFprocessCurrent":{"type":"url","value":["../{{case_context.processCurrent_ref.link}}"],"advancedOptions":{},"exposed":false},"formOutput":{"type":"expression","value":["return {","\t'comment_input': $data.formInput.comment_input,","\t'validation_input': $data.formInput.validation_input,","};"],"exposed":false},"caseId":{"type":"expression","value":["if(typeof $data.task == \"undefined\" || $data.task === null || $data.task == \"\"){","    return;","}","","return $data.task.caseId;"],"exposed":false},"yousign_procedure":{"type":"url","value":["../API/bpm/caseVariable/{{caseId}}/yousign_procedure_id"],"exposed":false},"context":{"type":"url","value":["../API/bpm/userTask/{{taskId}}/context"],"exposed":false},"GFprocessCurrentComment":{"type":"expression","value":["if(typeof $data.GFprocessCurrent\t == \"undefined\" || $data.GFprocessCurrent\t === null || $data.GFprocessCurrent == \"\"){","    return \"\";","}","","var output = [];","","for (var i in $data.GFprocessCurrent.contents){","    if ($data.GFprocessCurrent.contents[i].name == \"Commentaire redacteur\"){","        var value = $data.GFprocessCurrent.contents[i].content_value;","        value = value.split(\"|\");","        ","        var title = \"Commentaire redacteur\";","        var comment = value.shift();","        ","        output.push({","            title : title,","            value : comment,","        });","    }","        ","    if ($data.GFprocessCurrent.contents[i].name == \"Commentaire créateur\"){","        var value = $data.GFprocessCurrent.contents[i].content_value;","        value = value.split(\"|\");","        ","        var title = \"Commentaire créateur\";","        var comment = value.shift();","        ","        output.push({","            title : title,","            value : comment,","        });","    }","    if ($data.GFprocessCurrent.contents[i].name == \"Commentaire validateur\"){","        var value = $data.GFprocessCurrent.contents[i].content_value;","        value = value.split(\"|\");","        ","        var title = \"Commentaire validateur\";","        var comment = value.shift();","        ","        output.push({","            title : title,","            value : comment,","        });","    }","            ","    if ($data.GFprocessCurrent.contents[i].name == \"Commentaire signataire\"){","        var value = $data.GFprocessCurrent.contents[i].content_value;","        value = value.split(\"|\");","        ","        var title = \"Commentaire signataire\";","        var comment = value.shift();","        ","        output.push({","            title : title,","            value : comment,","        });","    }","    ","    if ($data.GFprocessCurrent.contents[i].name == \"Commentaire transmitteur\"){","        var value = $data.GFprocessCurrent.contents[i].content_value;","        value = value.split(\"|\");","        ","        var title = \"Commentaire transmitteur\";","        var comment = value.shift();","        ","        output.push({","            title : title,","            value : comment,","        });","    }","    ","}","","return output;"],"exposed":false},"choiceValues":{"type":"expression","value":["if($data.langcode == \"fr\"){","    return JSON.parse('[{\"key\": \"1\", \"value\": \"Accepter\"}, {\"key\": \"0\", \"value\": \"Refuser\"}]');","}else if($data.langcode == \"nl\"){","    return JSON.parse('[{\"key\": \"1\", \"value\": \"Aanvaarden\"}, {\"key\": \"0\", \"value\": \"Weigeren\"}]');","}else{","    return JSON.parse('[{\"key\": \"1\", \"value\": \"Accept\"}, {\"key\": \"0\", \"value\": \"Refuse\"}]');","}"],"exposed":false},"taskId":{"type":"urlparameter","value":["id"],"exposed":false},"case_context":{"type":"url","value":["../API/bpm/case/{{caseId}}/context"],"exposed":false}},"hasValidationError":false,"uuid":"3c411ef4-b2d0-4784-8fa3-1abd20122972","type":"form","description":"Page generated with Bonita UI designer"}