{
  "designerVersion" : "1.7.69",
  "id" : "LightDashboard",
  "name" : "LightDashboard",
  "lastUpdate" : 1626427740551,
  "rows" : [ [ {
    "type" : "tabsContainer",
    "dimension" : {
      "xs" : 12
    },
    "propertyValues" : {
      "cssClasses" : {
        "type" : "constant",
        "value" : ""
      },
      "hidden" : {
        "type" : "constant",
        "value" : false
      }
    },
    "reference" : "5da9aefb-69bc-4909-9432-81856b6061e1",
    "id" : "pbTabsContainer",
    "tabs" : [ {
      "container" : {
        "type" : "container",
        "dimension" : {
          "xs" : 12
        },
        "propertyValues" : { },
        "reference" : "8cbfd0a9-5306-441d-b62b-ffab9e5fd9d6",
        "id" : "pbContainer",
        "rows" : [ [ {
          "type" : "component",
          "dimension" : {
            "xs" : 12
          },
          "propertyValues" : {
            "cssClasses" : {
              "type" : "constant",
              "value" : ""
            },
            "hidden" : {
              "type" : "constant",
              "value" : false
            },
            "headers" : {
              "type" : "constant",
              "value" : [ "Echéance", "Titre", "Type", "Description" ]
            },
            "content" : {
              "type" : "variable",
              "value" : "content"
            },
            "columnsKey" : {
              "type" : "constant",
              "value" : [ "deadline", "title", "displayName", "displayDescription" ]
            },
            "selectedRow" : {
              "type" : "variable",
              "value" : "Selected"
            },
            "session" : {
              "type" : "variable",
              "value" : "session"
            },
            "page" : {
              "type" : "variable",
              "value" : "page"
            },
            "pageCount" : {
              "type" : "variable",
              "value" : "page_count"
            }
          },
          "reference" : "47a00866-0aec-41d3-9fbb-ffc7679605d0",
          "id" : "customGofastTasksTable"
        } ] ]
      },
      "title" : "{{\"label.process_my_tasks\" | gfTranslateDashboard}}"
    }, {
      "container" : {
        "type" : "container",
        "dimension" : {
          "xs" : 12
        },
        "propertyValues" : { },
        "reference" : "5d76586e-3389-44b3-849f-ab399f31887a",
        "id" : "pbContainer",
        "rows" : [ [ {
          "type" : "component",
          "dimension" : {
            "xs" : 12
          },
          "propertyValues" : {
            "cssClasses" : {
              "type" : "constant",
              "value" : ""
            },
            "hidden" : {
              "type" : "constant",
              "value" : false
            },
            "headers" : {
              "type" : "constant",
              "value" : [ "Echéance", "Titre", "Type", "Description" ]
            },
            "content" : {
              "type" : "variable",
              "value" : "task_assigned_other.response.content"
            },
            "columnsKey" : {
              "type" : "constant",
              "value" : [ ]
            },
            "selectedRow" : {
              "type" : "variable",
              "value" : "Selected"
            },
            "session" : {
              "type" : "variable",
              "value" : "session"
            },
            "page" : {
              "type" : "variable",
              "value" : "page_other"
            },
            "pageCount" : {
              "type" : "variable",
              "value" : "page_count_other"
            }
          },
          "reference" : "d085ebf7-853d-4ade-8b45-ecd4f8171a50",
          "id" : "customGofastTasksTable"
        } ] ]
      },
      "title" : "{{\"label.process_others_tasks\" | gfTranslateDashboard}}"
    } ]
  } ] ],
  "assets" : [ {
    "id" : "149b2038-a2b3-4840-935f-ca2e3248e32b",
    "name" : "gofast_ui_designer_translate.js",
    "type" : "js",
    "order" : 1,
    "external" : false
  }, {
    "id" : "d59010cc-a88b-4410-87b0-5fbd51e5240d",
    "name" : "style.css",
    "type" : "css",
    "order" : 0,
    "external" : false
  } ],
  "inactiveAssets" : [ ],
  "data" : {
    "session" : {
      "type" : "url",
      "value" : "../API/system/session/unusedId",
      "exposed" : false
    },
    "task_assigned_other" : {
      "type" : "url",
      "value" : "../API/extension/tasksAssignedOther?p={{page_other}}&c=5&uid={{session.user_id}}",
      "exposed" : false
    },
    "Selected" : {
      "type" : "constant",
      "exposed" : false
    },
    "page" : {
      "type" : "constant",
      "value" : "0",
      "exposed" : false
    },
    "page_count" : {
      "type" : "expression",
      "value" : "return ($data.my_bonita_tasks.length + $data.my_kanban_tasks.userTasks.tasks.length);\n\n    \n\n",
      "exposed" : false
    },
    "page_other" : {
      "type" : "constant",
      "value" : "0",
      "exposed" : false
    },
    "page_count_other" : {
      "type" : "expression",
      "value" : "var myresult = $.ajax({\n  type: 'GET',\n  url: '/bonita/API/extension/tasksAssignedOther?p=0&c=0&uid='+$data.session.user_id,\n});\n\nreturn myresult.done(function( data, textStatus, jqXHR ){\n   return jqXHR.getResponseHeader('Content-Range');\n});\n",
      "exposed" : false
    },
    "my_kanban_tasks" : {
      "type" : "url",
      "value" : "../../../../../../../api/kanban/user_task",
      "exposed" : false
    },
    "content" : {
      "type" : "expression",
      "value" : "var content = $data.my_bonita_tasks.concat($data.my_kanban_tasks.userTasks.tasks);\n\n//Sort content\ncontent.sort(function(a,b){\n    var datea = typeof a.dueDate !== \"undefined\" && a.dueDate !== \"\" ? new Date(a.dueDate) : new Date();\n    var dateb = typeof b.dueDate !== \"undefined\" && b.dueDate !== \"\" ? new Date(b.dueDate) : new Date();\n    return datea - dateb;\n});\n\nvar start = $data.page*5;\nvar end = $data.page*5+5;\n\ncontent = content.slice(start, end);\n\nreturn content;",
      "exposed" : false
    },
    "my_bonita_tasks" : {
      "type" : "url",
      "value" : "../../../../../../../../api/process/filter_light_dashboard",
      "exposed" : false
    }
  },
  "uuid" : "6bc3b451-c450-4a25-a4c4-73d980d0d5cf",
  "type" : "page"
}