{"modelVersion":"2.2","previousArtifactVersion":"1.7.69","id":"LightDashboard","name":"LightDashboard","lastUpdate":1672144065177,"rows":[[{"type":"tabsContainer","dimension":{"xs":12},"propertyValues":{"cssClasses":{"type":"constant","value":""},"hidden":{"type":"constant","value":false},"vertical":{"type":"constant","value":false},"type":{"type":"constant","value":"tabs"}},"reference":"5da9aefb-69bc-4909-9432-81856b6061e1","hasValidationError":false,"id":"pbTabsContainer","tabList":[{"type":"tabContainer","dimension":{"xs":12},"propertyValues":{"hidden":{"type":"constant","value":false},"cssClasses":{"type":"constant","value":""},"disabled":{"type":"constant","value":false},"title":{"type":"interpolation","value":"{{\"label.process_my_tasks\" | gfTranslateDashboard}}"}},"reference":"e71444ef-90ac-4503-b6ac-280fdf2333e0","hasValidationError":false,"id":"pbTabContainer","container":{"type":"container","dimension":{"xs":12},"propertyValues":{},"reference":"8cbfd0a9-5306-441d-b62b-ffab9e5fd9d6","hasValidationError":false,"id":"pbContainer","rows":[[{"type":"component","dimension":{"xs":12},"propertyValues":{"cssClasses":{"type":"constant","value":""},"hidden":{"type":"constant","value":false},"headers":{"type":"constant","value":["Echéance","Titre","Type","Description"]},"content":{"type":"variable","value":"content"},"columnsKey":{"type":"constant","value":["deadline","title","displayName","displayDescription"]},"selectedRow":{"type":"variable","value":"Selected"},"session":{"type":"variable","value":"session"},"page":{"type":"variable","value":"page"},"pageCount":{"type":"variable","value":"page_count"}},"reference":"47a00866-0aec-41d3-9fbb-ffc7679605d0","hasValidationError":false,"id":"customGofastTasksTable"}]]}},{"type":"tabContainer","dimension":{"xs":12},"propertyValues":{"hidden":{"type":"constant","value":false},"cssClasses":{"type":"constant","value":""},"disabled":{"type":"constant","value":false},"title":{"type":"interpolation","value":"{{\"label.process_others_tasks\" | gfTranslateDashboard}}"}},"reference":"76ae35d1-e257-4585-b02d-38451b8e68ed","hasValidationError":false,"id":"pbTabContainer","container":{"type":"container","dimension":{"xs":12},"propertyValues":{},"reference":"5d76586e-3389-44b3-849f-ab399f31887a","hasValidationError":false,"id":"pbContainer","rows":[[{"type":"component","dimension":{"xs":12},"propertyValues":{"cssClasses":{"type":"constant","value":""},"hidden":{"type":"constant","value":false},"headers":{"type":"constant","value":["Echéance","Titre","Type","Description"]},"content":{"type":"variable","value":"task_assigned_other.response.content"},"columnsKey":{"type":"constant","value":[]},"selectedRow":{"type":"variable","value":"Selected"},"session":{"type":"variable","value":"session"},"page":{"type":"variable","value":"page_other"},"pageCount":{"type":"variable","value":"page_count_other"}},"reference":"d085ebf7-853d-4ade-8b45-ecd4f8171a50","hasValidationError":false,"id":"customGofastTasksTable"}]]}}]}]],"assets":[{"id":"149b2038-a2b3-4840-935f-ca2e3248e32b","name":"gofast_ui_designer_translate.js","type":"js","order":1,"external":false},{"id":"d59010cc-a88b-4410-87b0-5fbd51e5240d","name":"style.css","type":"css","order":0,"external":false}],"inactiveAssets":[],"variables":{"page_count_other":{"type":"expression","value":["var myresult = $.ajax({","  type: 'GET',","  url: '/bonita/API/extension/tasksAssignedOther?p=0&c=0&uid='+$data.session.user_id,","});","","return myresult.done(function( data, textStatus, jqXHR ){","   return jqXHR.getResponseHeader('Content-Range');","});"],"exposed":false},"session":{"type":"url","value":["../API/system/session/unusedId"],"exposed":false},"Selected":{"type":"constant","exposed":false},"page":{"type":"constant","value":["0"],"exposed":false},"my_bonita_tasks":{"type":"url","value":["../../../../../../../../api/process/filter_light_dashboard"],"exposed":false},"page_other":{"type":"constant","value":["0"],"exposed":false},"my_kanban_tasks":{"type":"url","value":["../../../../../../../api/kanban/user_task"],"exposed":false},"page_count":{"type":"expression","value":["return ($data.my_bonita_tasks.length + $data.my_kanban_tasks.userTasks.tasks.length);","","    "],"exposed":false},"content":{"type":"expression","value":["var content = $data.my_bonita_tasks.concat($data.my_kanban_tasks.userTasks.tasks);","","//Sort content","content.sort(function(a,b){","    var datea = typeof a.dueDate !== \"undefined\" && a.dueDate !== \"\" ? new Date(a.dueDate) : new Date();","    var dateb = typeof b.dueDate !== \"undefined\" && b.dueDate !== \"\" ? new Date(b.dueDate) : new Date();","    return datea - dateb;","});","","var start = $data.page*5;","var end = $data.page*5+5;","","content = content.slice(start, end);","","return content;"],"exposed":false},"task_assigned_other":{"type":"url","value":["../API/extension/tasksAssignedOther?p={{page_other}}&c=5&uid={{session.user_id}}"],"exposed":false}},"hasValidationError":false,"uuid":"6bc3b451-c450-4a25-a4c4-73d980d0d5cf","type":"page","description":"Page generated with Bonita UI designer"}