{"modelVersion":"2.2","previousArtifactVersion":"1.7.69","id":"LightDashboardDocument","name":"LightDashboardDocument","lastUpdate":1646382005118,"rows":[[{"type":"container","dimension":{"xs":12},"propertyValues":{"cssClasses":{"type":"constant","value":""},"hidden":{"type":"constant","value":false},"repeatedCollection":{"type":"variable","value":""}},"reference":"cbc07748-01a0-44ba-9f93-64416f6cc808","hasValidationError":false,"id":"pbContainer","rows":[[{"type":"component","dimension":{"xs":12},"propertyValues":{"cssClasses":{"type":"constant","value":"mybutton"},"hidden":{"type":"constant","value":false},"disabled":{"type":"constant","value":false},"label":{"type":"interpolation","value":"{{\"label.process_new\" | gfTranslateDashboardDoc}}"},"alignment":{"type":"constant","value":"left"},"buttonStyle":{"type":"constant","value":"info"},"action":{"type":"constant","value":"Submit task"},"url":{"type":"interpolation"},"dataToSend":{"type":"constant"},"dataFromSuccess":{"type":"variable","value":""},"dataFromError":{"type":"variable","value":""},"targetUrlOnSuccess":{"type":"interpolation"},"collectionToModify":{"type":"variable"},"collectionPosition":{"type":"constant","value":"Last"},"valueToAdd":{"type":"constant"},"removeItem":{"type":"variable"}},"reference":"19bd74b8-9a12-4434-b92e-169e0f461145","hasValidationError":false,"id":"pbButton"}],[{"type":"tabsContainer","dimension":{"xs":12},"propertyValues":{"cssClasses":{"type":"constant","value":""},"hidden":{"type":"constant","value":false},"vertical":{"type":"constant","value":false},"type":{"type":"constant","value":"tabs"}},"reference":"093ded27-3edb-449d-bef1-024ad4d606a2","hasValidationError":false,"id":"pbTabsContainer","tabList":[{"type":"tabContainer","dimension":{"xs":12},"propertyValues":{"hidden":{"type":"constant","value":false},"cssClasses":{"type":"constant","value":""},"disabled":{"type":"constant","value":false},"title":{"type":"interpolation","value":"{{\"label.process_my_tasks\" | gfTranslateDashboardDoc}}"}},"reference":"a593df72-d54f-4bd9-a42b-b58f85641852","hasValidationError":false,"id":"pbTabContainer","container":{"type":"container","dimension":{"xs":12},"propertyValues":{},"reference":"d357d96c-aef8-49db-9c21-c8267ae4e2ad","hasValidationError":false,"id":"pbContainer","rows":[[{"type":"component","dimension":{"xs":12},"propertyValues":{"cssClasses":{"type":"constant","value":""},"hidden":{"type":"constant","value":false},"content":{"type":"expression","value":"tasks.response.content"},"selectedRow":{"type":"variable","value":"selected"},"session":{"type":"variable","value":"session"},"page":{"type":"variable","value":"page"},"pageCount":{"type":"variable","value":"page_count"}},"reference":"c29bec45-d88d-4dc3-97be-8491b684eb71","hasValidationError":false,"id":"customGofastTasksTable"}]]}},{"type":"tabContainer","dimension":{"xs":12},"propertyValues":{"hidden":{"type":"constant","value":false},"cssClasses":{"type":"constant","value":""},"disabled":{"type":"constant","value":false},"title":{"type":"interpolation","value":"{{\"label.process_other_tasks\" | gfTranslateDashboardDoc}}"},"active":{"type":"variable","value":""}},"reference":"7ddd2a83-4eb4-48bc-95b0-2c9ba1e32ffa","hasValidationError":false,"id":"pbTabContainer","container":{"type":"container","dimension":{"xs":12},"propertyValues":{},"reference":"a9f2dab5-ad5c-4393-b59b-a12aed574e82","hasValidationError":false,"id":"pbContainer","rows":[[{"type":"component","dimension":{"xs":12},"propertyValues":{"cssClasses":{"type":"constant","value":""},"hidden":{"type":"constant","value":false},"content":{"type":"expression","value":"other_tasks.response.content"},"selectedRow":{"type":"variable","value":"selected"},"session":{"type":"variable","value":"session"},"page":{"type":"variable","value":"page_other"},"pageCount":{"type":"variable","value":"page_count_other"}},"reference":"46040326-4a62-4f9e-bbfd-8002169b652b","hasValidationError":false,"id":"customGofastTasksTable"}]]}},{"type":"tabContainer","dimension":{"xs":12},"propertyValues":{"hidden":{"type":"constant","value":false},"cssClasses":{"type":"constant","value":""},"disabled":{"type":"constant","value":false},"title":{"type":"interpolation","value":"{{\"label.process_history\" | gfTranslateDashboardDoc}}"},"active":{"type":"variable","value":""}},"reference":"3847b280-e0ac-4ec7-995f-d094abf641ac","hasValidationError":false,"id":"pbTabContainer","container":{"type":"container","dimension":{"xs":12},"propertyValues":{},"reference":"f3d8153b-86e5-4ff2-8f93-739b498732f1","hasValidationError":false,"id":"pbContainer","rows":[[{"type":"component","dimension":{"xs":12},"propertyValues":{"cssClasses":{"type":"constant","value":""},"hidden":{"type":"constant","value":false},"instancesIds":{"type":"variable","value":"all_instancesids"},"selectedRow":{"type":"variable","value":"selected"}},"reference":"439fefd3-dd1f-4e11-9caa-64c9e2aff3db","hasValidationError":false,"id":"customGofastProcessHistoryTable"}]]}}]}]]}]],"assets":[{"id":"289d139b-e480-4118-999f-6f6ce03da32c","name":"style.css","type":"css","order":0,"external":false},{"id":"e76cbb99-c858-4f75-b161-19bc2c33639c","name":"gofast_ui_designer_translate.js","type":"js","order":2,"external":false},{"id":"db36887c-ce77-429e-adff-7b394e15c8e1","name":"startWorkflow.js","type":"js","order":1,"external":false}],"inactiveAssets":[],"variables":{"page_count_other":{"type":"expression","value":["var myresult = $.ajax({","  type: 'GET',","  url: '/bonita/API/extension/tasksFromCaseids?p=0&c=0&'+$data.all_processes_from_nid.process_filters+'&assignid=0&notassignid='+$data.session.user_id+'',","});","","return myresult.done(function( data, textStatus, jqXHR ){","   return jqXHR.getResponseHeader('Content-Range');","});"],"exposed":false},"all_instancesids":{"type":"url","value":["/api/process/document?nid={{nid}}&return=instanceids"],"exposed":false},"all_processes_from_nid":{"type":"url","value":["/api/process/document?nid={{nid}}&return=process_filter"],"exposed":false},"session":{"type":"url","value":["../API/system/session/unusedId"],"exposed":false},"other_tasks":{"type":"url","value":["../API/extension/tasksFromCaseids?p={{page_other}}&c=5&{{all_processes_from_nid.process_filters}}&assignid=0&notassignid={{session.user_id}}"],"exposed":false},"nid":{"type":"urlparameter","value":["nid"],"exposed":false},"page":{"type":"constant","value":["0"],"exposed":false},"title":{"type":"urlparameter","value":["title"],"exposed":false},"page_other":{"type":"constant","value":["0"],"exposed":false},"tasks":{"type":"url","value":["../API/extension/tasksFromCaseids?p={{page}}&c=5&{{all_processes_from_nid.process_filters}}&assignid={{session.user_id}}&notassignid=0"],"exposed":false},"selected":{"type":"constant","exposed":false},"page_count":{"type":"expression","value":["var myresult = $.ajax({","  type: 'GET',","  url: '/bonita/API/extension/tasksFromCaseids?p=0&c=0&'+$data.all_processes_from_nid.process_filters+'&assignid='+$data.session.user_id+'&notassignid=0',","});","","return myresult.done(function( data, textStatus, jqXHR ){","   return jqXHR.getResponseHeader('Content-Range');","});"],"exposed":false}},"hasValidationError":false,"uuid":"a3d84ed9-c7fd-45de-b08e-c4229aca7cdb","type":"page","description":"Page generated with Bonita UI designer"}