{
  "designerVersion" : "1.7.69",
  "id" : "standardOverview",
  "name" : "standardOverview",
  "lastUpdate" : 1549913190814,
  "rows" : [ [ {
    "type" : "container",
    "dimension" : {
      "xs" : 12
    },
    "propertyValues" : {
      "cssClasses" : {
        "type" : "constant",
        "value" : ""
      },
      "hidden" : {
        "type" : "constant",
        "value" : false
      },
      "repeatedCollection" : {
        "type" : "variable",
        "value" : ""
      }
    },
    "reference" : "6174ea4a-f3fa-4c7f-96fb-1f2849a316bc",
    "id" : "pbContainer",
    "rows" : [ [ {
      "type" : "component",
      "dimension" : {
        "xs" : 12
      },
      "propertyValues" : {
        "cssClasses" : {
          "type" : "constant",
          "value" : ""
        },
        "hidden" : {
          "type" : "constant",
          "value" : false
        },
        "context" : {
          "type" : "variable",
          "value" : ""
        }
      },
      "reference" : "c70c7dde-e76d-4a3d-82f8-f8e4f21f4eef",
      "id" : "customProcessHistory"
    } ] ]
  } ] ],
  "assets" : [ {
    "id" : "5727a48b-2a34-40b9-be75-630ccae633c7",
    "name" : "style.css",
    "type" : "css",
    "order" : 0,
    "external" : false
  } ],
  "inactiveAssets" : [ ],
  "data" : {
    "context" : {
      "type" : "url",
      "value" : "../API/bpm/case/{{caseId}}/context",
      "exposed" : false
    },
    "caseId" : {
      "type" : "urlparameter",
      "value" : "id",
      "exposed" : false
    }
  },
  "uuid" : "64855739-2963-4096-926c-b54abeba13b8",
  "type" : "form"
}