{
  "designerVersion" : "1.7.69",
  "id" : "LightDashboardDocumentHistory",
  "name" : "LightDashboardDocumentHistory",
  "lastUpdate" : 1637327128461,
  "rows" : [ [ {
    "type" : "container",
    "dimension" : {
      "xs" : 12
    },
    "propertyValues" : {
      "cssClasses" : {
        "type" : "constant",
        "value" : ""
      },
      "hidden" : {
        "type" : "constant",
        "value" : false
      },
      "repeatedCollection" : {
        "type" : "variable",
        "value" : ""
      }
    },
    "reference" : "040185a7-f92e-4560-be4d-e45d6fb6b8a3",
    "id" : "pbContainer",
    "rows" : [ [ {
      "type" : "component",
      "dimension" : {
        "xs" : 12
      },
      "propertyValues" : {
        "cssClasses" : {
          "type" : "constant",
          "value" : ""
        },
        "hidden" : {
          "type" : "constant",
          "value" : false
        },
        "instancesIds" : {
          "type" : "variable",
          "value" : "all_instancesids"
        },
        "selectedRow" : {
          "type" : "variable",
          "value" : "selected"
        }
      },
      "reference" : "d12bd90a-6cbb-4970-b8c0-ff96ef33d179",
      "id" : "customGofastProcessHistoryTable"
    } ] ]
  } ] ],
  "assets" : [ {
    "id" : "289d139b-e480-4118-999f-6f6ce03da32c",
    "name" : "style.css",
    "type" : "css",
    "order" : 0,
    "external" : false
  }, {
    "id" : "e76cbb99-c858-4f75-b161-19bc2c33639c",
    "name" : "gofast_ui_designer_translate.js",
    "type" : "js",
    "order" : 2,
    "external" : false
  }, {
    "id" : "db36887c-ce77-429e-adff-7b394e15c8e1",
    "name" : "startWorkflow.js",
    "type" : "js",
    "order" : 1,
    "external" : false
  } ],
  "inactiveAssets" : [ ],
  "data" : {
    "session" : {
      "type" : "url",
      "value" : "../API/system/session/unusedId",
      "exposed" : false
    },
    "selected" : {
      "type" : "constant",
      "exposed" : false
    },
    "nid" : {
      "type" : "urlparameter",
      "value" : "nid",
      "exposed" : false
    },
    "all_instancesids" : {
      "type" : "url",
      "value" : "/api/process/document?nid={{nid}}&return=instanceids",
      "exposed" : false
    },
    "title" : {
      "type" : "urlparameter",
      "value" : "title",
      "exposed" : false
    }
  },
  "uuid" : "d46e76c5-e303-48b4-a56c-c067fa19969d",
  "type" : "page"
}