{
  "designerVersion" : "1.7.69",
  "id" : "LightDashboardDocumentMy",
  "name" : "LightDashboardDocumentMy",
  "lastUpdate" : 1638799236704,
  "rows" : [ [ {
    "type" : "component",
    "dimension" : {
      "xs" : 12
    },
    "propertyValues" : {
      "cssClasses" : {
        "type" : "constant",
        "value" : ""
      },
      "hidden" : {
        "type" : "constant",
        "value" : false
      },
      "selectedRow" : {
        "type" : "variable",
        "value" : "selected"
      },
      "session" : {
        "type" : "variable",
        "value" : "session"
      },
      "page" : {
        "type" : "variable",
        "value" : "page"
      },
      "content" : {
        "type" : "variable",
        "value" : "tasks.response.content"
      },
      "pageCount" : {
        "type" : "variable",
        "value" : "page_count"
      }
    },
    "reference" : "b24d9513-1108-48e4-a382-92d03cb79837",
    "id" : "customGofastTasksTableDocument"
  } ] ],
  "assets" : [ {
    "id" : "289d139b-e480-4118-999f-6f6ce03da32c",
    "name" : "style.css",
    "type" : "css",
    "order" : 0,
    "external" : false
  }, {
    "id" : "e76cbb99-c858-4f75-b161-19bc2c33639c",
    "name" : "gofast_ui_designer_translate.js",
    "type" : "js",
    "order" : 2,
    "external" : false
  }, {
    "id" : "db36887c-ce77-429e-adff-7b394e15c8e1",
    "name" : "startWorkflow.js",
    "type" : "js",
    "order" : 1,
    "external" : false
  } ],
  "inactiveAssets" : [ ],
  "data" : {
    "all_processes_from_nid" : {
      "type" : "url",
      "value" : "/api/process/document?nid={{nid}}&return=process_filter",
      "exposed" : false
    },
    "tasks" : {
      "type" : "url",
      "value" : "../API/extension/tasksFromCaseids?p={{page}}&c=5&{{all_processes_from_nid.process_filters}}&assignid={{session.user_id}}&notassignid=0",
      "exposed" : false
    },
    "session" : {
      "type" : "url",
      "value" : "../API/system/session/unusedId",
      "exposed" : false
    },
    "selected" : {
      "type" : "constant",
      "exposed" : false
    },
    "nid" : {
      "type" : "urlparameter",
      "value" : "nid",
      "exposed" : false
    },
    "all_instancesids" : {
      "type" : "url",
      "value" : "/api/process/document?nid={{nid}}&return=instanceids",
      "exposed" : false
    },
    "title" : {
      "type" : "urlparameter",
      "value" : "title",
      "exposed" : false
    },
    "page_count" : {
      "type" : "expression",
      "value" : "var myresult = $.ajax({\n  type: 'GET',\n  url: '/bonita/API/extension/tasksFromCaseids?p=0&c=0&'+$data.all_processes_from_nid.process_filters+'&assignid='+$data.session.user_id+'&notassignid=0',\n});\n\nreturn myresult.done(function( data, textStatus, jqXHR ){\n   return jqXHR.getResponseHeader('Content-Range');\n});\n",
      "exposed" : false
    },
    "page" : {
      "type" : "constant",
      "value" : "0",
      "exposed" : false
    }
  },
  "uuid" : "88c61be8-88b9-4c35-bdef-bdb6933f5a61",
  "type" : "page"
}