{
  "modelVersion" : "2.2",
  "previousArtifactVersion" : "1.7.69",
  "properties" : [ ],
  "id" : "customProcessHistory",
  "name" : "ProcessHistory",
  "lastUpdate" : 1702313897299,
  "template" : "@customProcessHistory.tpl.html",
  "controller" : "@customProcessHistory.ctrl.js",
  "description" : "Widget to display ProcessHistory variable",
  "custom" : true,
  "assets" : [
    {
      "id" : "47fe3d4f-c030-4d38-9bd8-707dfeaabdf1",
      "name" : "angular-timeline-bootstrap.css",
      "type" : "css",
      "order" : 4,
      "external" : false
    },
    {
      "id" : "ec085923-447c-40cb-8023-8b812f541bcb",
      "name" : "angular-timeline-animations.css",
      "type" : "css",
      "order" : 3,
      "external" : false
    },
    {
      "id" : "28849188-3c5b-43a4-b4ab-aab17b9257c6",
      "name" : "fa-brands-400.woff2",
      "type" : "css",
      "order" : 12,
      "external" : false
    },
    {
      "id" : "8d2b27eb-92d7-43f1-9ef0-1aa875e03d97",
      "name" : "fa-regular-400.svg",
      "type" : "css",
      "order" : 10,
      "external" : false
    },
    {
      "id" : "bf240746-3ce8-458d-9270-15ab071dffb7",
      "name" : "fa-regular-400.woff",
      "type" : "css",
      "order" : 8,
      "external" : false
    },
    {
      "id" : "692405c6-1e11-48c2-891c-02c73515b411",
      "name" : "fa-regular-400.ttf",
      "type" : "css",
      "order" : 9,
      "external" : false
    },
    {
      "id" : "3fce9db1-a3d4-4bd6-bb5b-e4c9f36b6cb8",
      "name" : "fa-brands-400.eot",
      "type" : "css",
      "order" : 16,
      "external" : false
    },
    {
      "id" : "6c96fbaa-df6e-4842-a472-37d49969144a",
      "name" : "fa-brands-400.svg",
      "type" : "css",
      "order" : 15,
      "external" : false
    },
    {
      "id" : "af926211-ba63-486a-8380-d827a48ddb41",
      "name" : "fa-all.min.css",
      "type" : "css",
      "order" : 17,
      "external" : false
    },
    {
      "id" : "0e62ba2b-f2b6-40a2-a610-a70a78f8c6c3",
      "name" : "angular-timeline.css",
      "type" : "css",
      "order" : 2,
      "external" : false
    },
    {
      "id" : "5e035909-3de1-4e0e-916b-73e84f796568",
      "name" : "angular-timeline.js",
      "type" : "js",
      "order" : 1,
      "external" : false
    },
    {
      "id" : "f4973103-b82c-4e1c-b817-9c1a1b00f5ba",
      "name" : "gofast_ui_designer_translate.js",
      "type" : "js",
      "order" : 6,
      "external" : false
    },
    {
      "id" : "6e6758da-d3a4-4106-86a8-d04f2772dea3",
      "name" : "fa-brands-400.woff",
      "type" : "css",
      "order" : 13,
      "external" : false
    },
    {
      "id" : "fac9a4cf-244d-4ec9-991e-eec21fd4db7c",
      "name" : "fa-all.min.js",
      "type" : "js",
      "order" : 18,
      "external" : false
    },
    {
      "id" : "2640cc49-2236-48c5-aec4-ca7cdbe7464e",
      "name" : "fa-brands-400.ttf",
      "type" : "css",
      "order" : 14,
      "external" : false
    },
    {
      "id" : "402e2508-5ca2-45d3-88bd-2a6570307714",
      "name" : "angular-scroll-animate.js",
      "type" : "js",
      "order" : 5,
      "external" : false
    },
    {
      "id" : "a3851d66-d114-4834-a400-fd4b7457664f",
      "name" : "fa-regular-400.woff2",
      "type" : "css",
      "order" : 7,
      "external" : false
    },
    {
      "id" : "5db11305-ed81-4886-94e5-30db2748f72f",
      "name" : "fa-regular-400.eot",
      "type" : "css",
      "order" : 11,
      "external" : false
    }
  ],
  "requiredModules" : [ ],
  "type" : "widget",
  "hasHelp" : false
}