{
  "designerVersion" : "1.7.69",
  "id" : "BlockDashboard",
  "name" : "BlockDashboard",
  "lastUpdate" : 1579687652577,
  "rows" : [ [ {
    "type" : "component",
    "dimension" : {
      "xs" : 12
    },
    "propertyValues" : {
      "cssClasses" : {
        "type" : "constant",
        "value" : "no-padding"
      },
      "hidden" : {
        "type" : "constant",
        "value" : false
      },
      "selectedRow" : {
        "type" : "variable",
        "value" : "Selected"
      },
      "session" : {
        "type" : "variable",
        "value" : "session"
      },
      "page" : {
        "type" : "variable",
        "value" : "page"
      },
      "content" : {
        "type" : "variable",
        "value" : "content"
      },
      "pageCount" : {
        "type" : "variable",
        "value" : "page_count"
      }
    },
    "reference" : "ef76e2c3-fb66-4eff-a005-b2c47cf0acc3",
    "id" : "customGofastTasksTableBlock"
  } ] ],
  "assets" : [ {
    "id" : "68dafbcf-70cd-404e-8881-77fe42e351f4",
    "name" : "style.css",
    "type" : "css",
    "order" : 0,
    "external" : false
  } ],
  "inactiveAssets" : [ ],
  "data" : {
    "Selected" : {
      "type" : "constant",
      "exposed" : false
    },
    "session" : {
      "type" : "url",
      "value" : "../API/system/session/unusedId",
      "exposed" : false
    },
    "page" : {
      "type" : "constant",
      "value" : "0",
      "exposed" : false
    },
    "content" : {
      "type" : "expression",
      "value" : "var content = $data.my_bonita_tasks.concat($data.my_kanban_tasks.userTasks.tasks);\n\n//Sort content\ncontent.sort(function(a,b){\n    var datea = typeof a.dueDate !== \"undefined\" && a.dueDate !== \"\" ? new Date(a.dueDate) : new Date();\n    var dateb = typeof b.dueDate !== \"undefined\" && b.dueDate !== \"\" ? new Date(b.dueDate) : new Date();\n    return datea - dateb;\n});\n\nvar start = $data.page*4;\nvar end = $data.page*4+4;\n\ncontent = content.slice(start, end);\n\nreturn content;",
      "exposed" : false
    },
    "page_count" : {
      "type" : "expression",
      "value" : "return ($data.my_bonita_tasks.length + $data.my_kanban_tasks.userTasks.tasks.length);",
      "exposed" : false
    },
    "my_bonita_tasks" : {
      "type" : "url",
      "value" : "../API/bpm/humanTask?p=0&c=200&f=user_id={{session.user_id}}&o=dueDate",
      "exposed" : false
    },
    "my_kanban_tasks" : {
      "type" : "url",
      "value" : "../../../../../../../api/kanban/user_task",
      "exposed" : false
    }
  },
  "uuid" : "18ffb0eb-e911-46d0-b813-78716dd2c3f2",
  "type" : "page"
}