{
  "designerVersion" : "1.7.69",
  "id" : "customGofastAutocompleteContact",
  "name" : "gofastAutocompleteContact",
  "lastUpdate" : 1606222822137,
  "template" : "<div class=\"col-xs-3\" style=\"padding:0px;\">\n    <div class=\"form-group\">\n        <label\n            ng-if=\"!properties.labelHidden\"\n            ng-class=\"{ 'control-label--required': properties.required }\"\n            class=\"control-label col-xs-{{ !properties.labelHidden && properties.labelPosition === 'left' ? properties.labelWidth : 12 }}\" style=\"padding:0px;\">\n            {{ properties.label | uiTranslate }}\n        </label>\n        <div class=\"col-xs-{{ 12 - (!properties.labelHidden && properties.labelPosition === 'left' ? properties.labelWidth : 0) }}\" style=\"padding:0px;\" >\n            <input\n                type=\"text\"\n                class=\"form-control\"\n                placeholder=\"{{properties.placeholder}}\"\n                typeahead-append-to-body=\"true\"\n                typeahead=\"i for i in ctrl.getData('lastname')\"\n                typeahead-template-url=\"customTypeaheadForInputAutocomplete.html\"\n                typeahead-wait-ms=\"500\"\n                typeahead-on-select=\"ctrl.setData($item)\"\n                typeahead-min-length=\"3\"\n                ng-model=\"properties.value\"\n                ng-model-options=\"{ allowInvalid: true }\"\n                name=\"{{ctrl.name}}\"\n                ng-readonly=\"false\"\n                ng-click=\"ctrl.clickInput()\">\n                \n                <div ng-if=\"loading\" class=\"loader-autocomplete\"></div>\n                <span ng-click=\"ctrl.clickInput('lastname')\" style=\"position: absolute;left: 3px;color:#555;background-color: #eee;top: 7px;white-space: nowrap;overflow: hidden;text-overflow: ellipsis;width: 95%;\" ng-bind=\"properties.currentTitle\"></span>\n                \n            <!-- It doesn't work if we put it inside form.html -->\n            <script type=\"text/ng-template\" id=\"customTypeaheadForInputAutocomplete.html\">\n                <a  bind-html-unsafe=\"match.label | typeaheadHighlight:query\"></a>\n            </script>\n        </div>\n    </div>\n</div>\n<div class=\"col-xs-3\" style=\"padding:0px;padding-left:6px;\">\n    <div class=\"form-group\">\n         <label\n            ng-if=\"!properties.labelHidden\"\n            ng-class=\"{ 'control-label--required': properties.required }\"\n            class=\"control-label col-xs-{{ !properties.labelHidden && properties.labelPosition === 'left' ? properties.labelWidth : 12 }}\" style=\"padding:0px;\">\n            {{ properties.labelFirstname | uiTranslate }}\n        </label>\n           <div class=\"col-xs-{{ 12 - (!properties.labelHidden && properties.labelPosition === 'left' ? properties.labelWidth : 0) }}\" style=\"padding:0px;\" >\n            <input\n                type=\"text\"\n                class=\"form-control\"\n                placeholder=\"{{properties.placeholder}}\"\n                typeahead=\"i for i in ctrl.getData('firstname')\"\n                typeahead-template-url=\"customTypeaheadForInputAutocomplete.html\"\n                typeahead-wait-ms=\"500\"\n                typeahead-on-select=\"ctrl.setData($item)\"\n                typeahead-min-length=\"3\"\n                ng-model=\"properties.valueFirstname\"\n                ng-model-options=\"{ allowInvalid: true }\"\n                name=\"{{ctrl.name}}\"\n                ng-readonly=\"false\">\n                \n                <div ng-if=\"loading\" class=\"\"></div>\n                <span ng-click=\"ctrl.clickInput('firstname')\" style=\"position: absolute;left: 3px;color:#555;background-color: #eee;top: 7px;white-space: nowrap;overflow: hidden;text-overflow: ellipsis;width: 95%;\" ng-bind=\"properties.currentTitleFirstname\"></span>\n          <!-- It doesn't work if we put it inside form.html -->\n            <script type=\"text/ng-template\" id=\"customTypeaheadForInputAutocomplete.html\">\n                <a  bind-html-unsafe=\"match.label | typeaheadHighlight:query\"></a>\n            </script>\n        </div>\n    </div>\n</div>\n<div class=\"col-xs-3\" style=\"padding:0px;padding-left:6px;\">\n    <div class=\"form-group\">\n          <label\n            ng-if=\"!properties.labelHidden\"\n            ng-class=\"{ 'control-label--required': properties.required }\"\n            class=\"control-label col-xs-{{ !properties.labelHidden && properties.labelPosition === 'left' ? properties.labelWidth : 12 }}\" style=\"padding:0px;\">\n            {{ properties.labelEmail | uiTranslate }}\n        </label>\n           <div class=\"col-xs-{{ 12 - (!properties.labelHidden && properties.labelPosition === 'left' ? properties.labelWidth : 0) }}\" style=\"padding:0px;\">\n            <input\n                type=\"text\"\n                class=\"form-control\"\n                placeholder=\"{{properties.placeholder}}\"\n                ng-model=\"properties.valueEmail\"\n                ng-model-options=\"{ allowInvalid: true }\"\n                name=\"{{ctrl.name}}\"\n                ng-readonly=\"false\">\n                \n                <div ng-if=\"loading\" class=\"\"></div>\n                <span ng-click=\"ctrl.clickInput('email')\" style=\"position: absolute;left: 3px;color:#555;background-color: #eee;top: 7px;white-space: nowrap;overflow: hidden;text-overflow: ellipsis;width: 95%;\" ng-bind=\"properties.currentTitleEmail\"></span>\n         \n        </div>\n    </div>\n</div>\n<div class=\"col-xs-3\" style=\"padding:0px;padding-left:6px;\">\n    <div class=\"form-group\">\n         <label\n            ng-if=\"!properties.labelHidden\"\n            ng-class=\"{ 'control-label--required': properties.required }\"\n            class=\"control-label col-xs-{{ !properties.labelHidden && properties.labelPosition === 'left' ? properties.labelWidth : 12 }}\" style=\"padding:0px;\">\n            {{ properties.labelMobile | uiTranslate }}\n        </label>\n        <div class=\"col-xs-{{ 12 - (!properties.labelHidden && properties.labelPosition === 'left' ? properties.labelWidth : 0) }}\" style=\"padding:0px;\" >\n            <input\n                type=\"text\"\n                class=\"form-control\"\n                placeholder=\"{{properties.placeholder}}\"\n                ng-model=\"properties.valueMobile\"\n                ng-model-options=\"{ allowInvalid: true }\"\n                name=\"{{ctrl.name}}\"\n                ng-readonly=\"false\">\n                \n                <div ng-if=\"loading\" class=\"\"></div>\n                <span ng-click=\"ctrl.clickInput('mobile')\" style=\"position: absolute;left: 3px;color:#555;background-color: #eee;top: 7px;white-space: nowrap;overflow: hidden;text-overflow: ellipsis;width: 95%;\" ng-bind=\"properties.currentTitleMobile\"></span>\n         \n        </div>\n    </div> \n</div>\n<div ng-class=\"{\n    'form-horizontal': properties.labelPosition === 'left' && !properties.labelHidden,\n    'row': properties.labelPosition === 'top' && !properties.labelHidden || properties.labelHidden\n    }\">\n    <div class=\"form-group\">\n         <label\n            ng-if=\"!properties.labelHidden\"\n            ng-class=\"{ 'control-label--required': properties.required }\"\n            class=\"control-label col-xs-{{ !properties.labelHidden && properties.labelPosition === 'left' ? properties.labelWidth : 12 }}\">\n            {{ properties.labelEntity | uiTranslate }}\n        </label> \n        <div ng-if=\"!properties.hideEntity\" class=\"col-xs-{{ 12 - (!properties.labelHidden && properties.labelPosition === 'left' ? properties.labelWidth : 0) }}\" >\n            <input\n                type=\"text\"\n                class=\"form-control\"\n                placeholder=\"{{properties.placeholder}}\"\n                ng-model=\"properties.valueEntity\"\n                ng-model-options=\"{ allowInvalid: true }\"\n                name=\"{{ctrl.name}}\"\n                ng-readonly=\"false\">\n                \n                <div ng-if=\"loading\" class=\"\"></div>\n                <span ng-click=\"ctrl.clickInput('entity')\" style=\"position: absolute;left: 3px;color:#555;background-color: #eee;top: 7px;white-space: nowrap;overflow: hidden;text-overflow: ellipsis;width: 95%;\" ng-bind=\"properties.currentTitleEntity\"></span>\n         \n        </div>\n        \n    </div>\n</div>\n\n<style>\n    .loader-autocomplete{\n        border:3px solid #f3f3f3;\n        border-radius: 50%;\n        border-top: 3px solid #3498db;\n        border-bottom: 3px solid #3498db;\n        width:20px;\n        height:20px;\n        -webkit-animation: spin 2s linear infinite;\n        animation: spin-loader 2s linear infinite;\n        margin: 0 auto;\n        position: absolute;\n        top:8px;\n        right:20px;\n    }\n    \n    @keyframes spin-loader{\n        0% {transform: rotate(0deg);}\n        100% {transform: rotate(360deg);}\n    }\n</style>",
  "icon" : "<svg xmlns='http://www.w3.org/2000/svg' viewBox='0 0 50 20'><g><path fill='#fff' d='M0,0v20h50V0H0z M49,19H1V1h48V19z M14.9,2h-1v1h1V2z M13.9,3h-1v14h1V3z M11.9,2v1h1V2H11.9z M12.9,17h-1v1h1V17z M14.9,18v-1h-1v1H14.9z M6.7,16.6c1.7,0,2.7-1,3.2-1.8h0l0.1,1.6h1.6c-0.1-0.8-0.1-1.6-0.1-2.6v-7H9.7v5.9c0,0.3-0.1,0.6-0.2,0.9c-0.3,0.8-1.1,1.6-2.3,1.6c-1.6,0-2.2-1.2-2.2-3.1V6.7H3.3v5.7C3.3,15.7,5.2,16.6,6.7,16.6z'/><path fill='#CBD5E1' d='M27.4,6.4c-2.8,0-4.5,2.3-4.5,5.2c0,2.9,1.8,4.9,4.8,4.9c1.5,0,2.6-0.3,3.2-0.6l-0.3-1.3c-0.7,0.3-1.4,0.5-2.7,0.5c-1.8,0-3.3-1-3.3-3.4h6.8c0-0.2,0.1-0.5,0.1-0.8C31.4,9.2,30.5,6.4,27.4,6.4z M24.5,10.6c0.1-1.2,0.9-2.9,2.7-2.9c2,0,2.5,1.7,2.4,2.9H24.5z M38.3,6.5v1.7c-0.2,0-0.4-0.1-0.6-0.1c-1.2,0-2.1,0.9-2.4,2.3c0,0.2-0.1,0.5-0.1,0.8v5.2h-1.7V9.7c0-1.1,0-2.1-0.1-3H35l0.1,1.9h0.1c0.4-1.3,1.5-2.1,2.7-2.1C38,6.4,38.2,6.5,38.3,6.5z M21.3,13.6c0,1.7-1.3,2.9-3.6,2.9c-1.1,0-2-0.3-2.7-0.7l0.4-1.3c0.5,0.3,1.4,0.7,2.3,0.7c1.3,0,1.9-0.6,1.9-1.4c0-0.8-0.5-1.3-1.8-1.8c-1.7-0.6-2.6-1.6-2.6-2.7c0-1.6,1.3-2.8,3.3-2.8c1,0,1.8,0.3,2.4,0.6l-0.4,1.3c-0.4-0.2-1.1-0.6-2-0.6c-1,0-1.6,0.6-1.6,1.3c0,0.8,0.6,1.2,1.8,1.6C20.4,11.4,21.3,12.2,21.3,13.6z'/></g></svg>",
  "controller" : "function CustomGofastAutocompleteCtrl($scope, $parse, $log, widgetNameFactory, $http) {\n  $scope.loading = false;\n  \n  this.getData = function ($field) {\n    $scope.loading = true;\n    if($field == \"firstname\"){\n        $str = $scope.properties.valueFirstname;\n    }else{\n        $str = $scope.properties.value;\n    }\n    return $http.get(\"../../../../../../../../api/contact/autocomplete?str=\" + $str).then(function(r){\n        var items = r.data\n        var output = [];\n            for(var k in items){\n                var item = items[k];\n                var lastname = item.name;\n                var firstname = item.firstname;\n                var phone = item.mobile;\n                var mail = item.email;\n                var entity = item.entity;\n                var address = item.address;\n                output.push( item.name + \" , \" + item.firstname + \" , \" +item.email + \" , \" + item.mobile + \" , \" + item.entity);\n            }\n        $scope.loading = false;\n        return output;\n    });\n  };\n  \n  this.setData = function($item){\n       var array_item = $item.split(' , ');\n      $scope.properties.currentTitle=array_item[0];\n      $scope.properties.currentTitleFirstname=array_item[1];  \n      $scope.properties.currentTitleEmail=array_item[2];\n      $scope.properties.currentTitleMobile=array_item[3]; \n      $scope.properties.currentTitleEntity=array_item[4];\n\n      $scope.properties.value = array_item[0];\n      $scope.properties.valueFirstname = array_item[1];\n      $scope.properties.valueEmail = array_item[2];\n      $scope.properties.valueMobile = array_item[3];\n      $scope.properties.valueEntity = array_item[4];\n  }\n  \n  this.clickInput = function($element){\n      if($element == 'email'){\n        $scope.properties.currentTitleEmail = \"\";\n        $scope.properties.currentTitleEmail = \"\";\n      }else if($element == 'firstname'){\n        $scope.properties.valueFirstname = \"\";\n        $scope.properties.currentTitleFirstname = \"\";\n      }else if($element == 'lastname'){\n        $scope.properties.value = \"\";\n        $scope.properties.currentTitle = \"\";\n      }else if($element == 'mobile'){\n        $scope.properties.valueMobile = \"\";\n        $scope.properties.currentTitleMobile=\"\";\n      }else if($element == 'entity'){\n        $scope.properties.valueEntity = \"\";\n        $scope.properties.currentTitleEntity=\"\";\n      }\n     \n  }\n  \n  this.name = widgetNameFactory.getName('customGofastAutocomplete');\n}\n",
  "description" : "Input field with content completion from GoFAST API",
  "custom" : true,
  "order" : 4,
  "properties" : [ {
    "label" : "Read-only",
    "name" : "readOnly",
    "type" : "boolean",
    "defaultValue" : false,
    "bond" : "expression"
  }, {
    "label" : "label Hidden",
    "name" : "labelHidden",
    "type" : "boolean",
    "defaultValue" : false,
    "bond" : "constant"
  }, {
    "label" : "Label",
    "name" : "label",
    "showFor" : "properties.labelHidden.value === false",
    "type" : "text",
    "defaultValue" : "Default name",
    "bond" : "interpolation"
  }, {
    "label" : "Label position",
    "name" : "labelPosition",
    "showFor" : "properties.labelHidden.value === false",
    "type" : "choice",
    "defaultValue" : "top",
    "choiceValues" : [ "left", "top" ],
    "bond" : "constant"
  }, {
    "label" : "Label width",
    "name" : "labelWidth",
    "showFor" : "properties.labelHidden.value === false",
    "type" : "integer",
    "defaultValue" : 4,
    "bond" : "constant",
    "constraints" : {
      "min" : "1",
      "max" : "12"
    }
  }, {
    "label" : "Placeholder",
    "name" : "placeholder",
    "help" : "Short hint that describes the expected value",
    "type" : "text",
    "bond" : "interpolation"
  }, {
    "label" : "Value",
    "name" : "value",
    "caption" : "Any variable: <i>myData</i> or <i>myData.attribute</i>",
    "help" : "Read-write binding, initialized or updated by users' input (bi-directional bond)",
    "type" : "text",
    "bond" : "variable"
  }, {
    "label" : "Display content",
    "name" : "currentTitle",
    "type" : "text",
    "bond" : "variable"
  }, {
    "label" : "valueFirstname",
    "name" : "valueFirstname",
    "type" : "text",
    "bond" : "variable"
  }, {
    "label" : "valueEmail",
    "name" : "valueEmail",
    "type" : "text",
    "bond" : "variable"
  }, {
    "label" : "valueMobile",
    "name" : "valueMobile",
    "type" : "text",
    "bond" : "variable"
  }, {
    "label" : "valueEntity",
    "name" : "valueEntity",
    "type" : "text",
    "bond" : "variable"
  }, {
    "label" : "hideEntity",
    "name" : "hideEntity",
    "type" : "boolean",
    "defaultValue" : true,
    "bond" : "constant"
  }, {
    "label" : "labelFirstname",
    "name" : "labelFirstname",
    "type" : "text",
    "bond" : "interpolation"
  }, {
    "label" : "labelEmail",
    "name" : "labelEmail",
    "type" : "text",
    "bond" : "interpolation"
  }, {
    "label" : "labelMobile",
    "name" : "labelMobile",
    "type" : "text",
    "bond" : "interpolation"
  }, {
    "label" : "labelEntity",
    "name" : "labelEntity",
    "type" : "text",
    "bond" : "interpolation"
  } ],
  "assets" : [ {
    "name" : "ui-bootstrap-tpls-0.13.0.min.js",
    "type" : "js",
    "order" : 1,
    "external" : false
  } ],
  "requiredModules" : [ "ui.bootstrap.typeahead", "ui.bootstrap.tpls" ],
  "type" : "widget",
  "hasHelp" : false
}