{"modelVersion":"2.2","previousArtifactVersion":"1.7.69","id":"LightDashboardOther","name":"LightDashboardOther","lastUpdate":1649339228954,"rows":[[{"type":"component","dimension":{"xs":12},"propertyValues":{"cssClasses":{"type":"constant","value":""},"hidden":{"type":"constant","value":false},"headers":{"type":"constant","value":["Echéance","Titre","Type","Description"]},"content":{"type":"variable","value":"task_assigned_other.response.content"},"columnsKey":{"type":"constant","value":[]},"selectedRow":{"type":"variable","value":"Selected"},"session":{"type":"variable","value":"session"},"page":{"type":"variable","value":"page_other"},"pageCount":{"type":"variable","value":"page_count_other"}},"reference":"25ad2079-0490-460a-b8ff-80887b5a46bd","hasValidationError":false,"id":"customGofastTasksTable"}]],"assets":[{"id":"149b2038-a2b3-4840-935f-ca2e3248e32b","name":"gofast_ui_designer_translate.js","type":"js","order":1,"external":false},{"id":"d59010cc-a88b-4410-87b0-5fbd51e5240d","name":"style.css","type":"css","order":0,"external":false}],"inactiveAssets":[],"variables":{"page_count_other":{"type":"expression","value":["var myresult = $.ajax({","  type: 'GET',","  url: '/bonita/API/extension/tasksAssignedOther?p=0&c=0&uid='+$data.session.user_id,","});","","return myresult.done(function( data, textStatus, jqXHR ){","   return jqXHR.getResponseHeader('Content-Range');","});"],"exposed":false},"session":{"type":"url","value":["../API/system/session/unusedId"],"exposed":false},"Selected":{"type":"constant","exposed":false},"page_other":{"type":"constant","value":["0"],"exposed":false},"task_assigned_other":{"type":"url","value":["../API/extension/tasksAssignedOther?p={{page_other}}&c=5&uid={{session.user_id}}"],"exposed":false}},"hasValidationError":false,"uuid":"0dd02bc5-af89-4b61-aebe-2e107a2363a4","type":"page","description":"Page generated with Bonita UI designer"}