{
  "modelVersion" : "2.2",
  "previousArtifactVersion" : "1.7.69",
  "properties" : [
    {
      "label" : "Selected Row",
      "name" : "selectedRow",
      "type" : "text",
      "bond" : "variable"
    },
    {
      "label" : "Session",
      "name" : "session",
      "type" : "text",
      "bond" : "variable"
    },
    {
      "label" : "Page",
      "name" : "page",
      "type" : "text",
      "bond" : "variable"
    },
    {
      "label" : "Content",
      "name" : "content",
      "type" : "text",
      "bond" : "variable"
    },
    {
      "label" : "Page Count",
      "name" : "pageCount",
      "type" : "text",
      "bond" : "variable"
    }
  ],
  "id" : "customGofastProcessTable",
  "name" : "gofastProcessTable",
  "lastUpdate" : 1646393798510,
  "template" : "@customGofastProcessTable.tpl.html",
  "icon" : "<svg xmlns='http://www.w3.org/2000/svg' viewBox='0 0 50 20'><g><path fill='#CBD5E1' d='M36,15v2h11v-2H36z M40,10v2h7v-2H40z M11,10v2h14v-2H11z M3,10v2h3v-2H3z M11,15v2h17v-2H11z M3,15v2h3 v-2H3z'/><path fill='#fff' d='M1,19V1h48v18H1z M0,0v20h50V0H0z'/><path fill='#CBD5E1' d='M1,7v1h7v11h1V8h22v11h1V8h17V7H32V1h-1v6H9V1H8v6H1z'/><path fill='#fff' d='M35,3h12v2H35V3z M11,3h13v2H11V3z M3,3h3v2H3V3z'/></g></svg>",
  "controller" : "@customGofastProcessTable.ctrl.js",
  "description" : "Tabular presentation of data from an array",
  "custom" : true,
  "order" : 17,
  "assets" : [
    {
      "id" : "94a4b959-9a77-479a-a753-4ff7ee5246f6",
      "name" : "brands.css",
      "type" : "css",
      "order" : 16,
      "external" : false
    },
    {
      "id" : "1562d8d1-3efd-4a1d-8a41-0f942c713777",
      "name" : "fa-regular-400.ttf",
      "type" : "css",
      "order" : 19,
      "external" : false
    },
    {
      "id" : "e73057f3-aabc-4ffa-a007-4047247e658d",
      "name" : "gofast_ui_designer_translate.js",
      "type" : "js",
      "order" : 9,
      "external" : false
    },
    {
      "id" : "421ab308-1d33-4062-90eb-e2f8d5b15b36",
      "name" : "fa-brands-400.svg",
      "type" : "css",
      "order" : 12,
      "external" : false
    },
    {
      "id" : "c788ddde-3af3-460b-8224-bafe61f33d97",
      "name" : "fa-regular-400.woff",
      "type" : "css",
      "order" : 20,
      "external" : false
    },
    {
      "id" : "7e02e494-14f1-4304-a87c-45f9f8baac86",
      "name" : "fa-brands-400.ttf",
      "type" : "css",
      "order" : 13,
      "external" : false
    },
    {
      "id" : "ade86ce8-abd6-4e00-bdfb-951983113610",
      "name" : "fa-regular-400.svg",
      "type" : "css",
      "order" : 18,
      "external" : false
    },
    {
      "id" : "8b3ffed0-5fa3-4dec-849c-6c4ed3f09f26",
      "name" : "fa-solid-900.eot",
      "type" : "css",
      "order" : 23,
      "external" : false
    },
    {
      "id" : "0df4ed71-2962-4c27-87c2-10185ff68eb8",
      "name" : "fa-solid-900.woff",
      "type" : "css",
      "order" : 26,
      "external" : false
    },
    {
      "id" : "d34a2a50-99a7-4929-b7c9-ad8ec7102756",
      "name" : "fontawesome.css",
      "type" : "css",
      "order" : 10,
      "external" : false
    },
    {
      "id" : "66126b7b-d4d9-482e-bcd0-72de7d2c0645",
      "name" : "fa-brands-400.eot",
      "type" : "css",
      "order" : 11,
      "external" : false
    },
    {
      "id" : "a96ac3ad-9314-4733-89f0-fa3502d56a71",
      "name" : "fa-brands-400.woff2",
      "type" : "css",
      "order" : 15,
      "external" : false
    },
    {
      "id" : "48083981-02bf-47bb-a322-fbf63805112b",
      "name" : "fa-regular-400.woff2",
      "type" : "css",
      "order" : 21,
      "external" : false
    },
    {
      "id" : "b026737e-66b3-4755-882c-dd41321b960a",
      "name" : "fa-solid-900.ttf",
      "type" : "css",
      "order" : 25,
      "external" : false
    },
    {
      "id" : "ee81e58d-3e6f-4221-ae88-a65771292f9a",
      "name" : "fa-brands-400.woff",
      "type" : "css",
      "order" : 14,
      "external" : false
    },
    {
      "id" : "359af83a-8da3-42f8-8b3e-ac8befb84b62",
      "name" : "fa-regular-400.eot",
      "type" : "css",
      "order" : 17,
      "external" : false
    },
    {
      "id" : "d842c623-6055-41ee-950c-5ef72a689fb8",
      "name" : "solid.css",
      "type" : "css",
      "order" : 28,
      "external" : false
    },
    {
      "id" : "312487e6-448a-4f1e-ae5d-f6b81a042d15",
      "name" : "fa-solid-900.svg",
      "type" : "css",
      "order" : 24,
      "external" : false
    },
    {
      "id" : "4b3f3864-d49d-4ece-8774-3206e8869941",
      "name" : "fa-solid-900.woff2",
      "type" : "css",
      "order" : 27,
      "external" : false
    },
    {
      "id" : "2d19bb42-22d8-4413-9a2c-2bfcfdd1d5b0",
      "name" : "jquery.min.js",
      "type" : "js",
      "order" : 1,
      "external" : false
    },
    {
      "id" : "bf17b021-dea2-4e84-8892-41aa59a4c0a8",
      "name" : "regular.css",
      "type" : "css",
      "order" : 22,
      "external" : false
    }
  ],
  "requiredModules" : [ ],
  "type" : "widget",
  "hasHelp" : false
}