{
  "designerVersion" : "1.7.69",
  "id" : "customGofastProcessTable",
  "name" : "gofastProcessTable",
  "lastUpdate" : 1605266961287,
  "template" : "<div class=\"table-responsive\" style=\"overflow:visible;\">\r\n    <div ng-if=\"!ctrl.isArray(final_content)\" class=\"loader-autocomplete\">&nbsp;</div>\r\n    <table class=\"table\" ng-class=\"{'table-hover': ctrl.isClickable()}\">\r\n        <thead>\r\n             <tr>\r\n                <th>\r\n                </th>\r\n            </tr>\r\n        </thead>\r\n        \r\n         <tbody ng-if=\"ctrl.isArray(final_content)\">\r\n            <tr ng-repeat=\"row in final_content\" ng-click=\"ctrl.selectRow(row)\" ng-class=\"{'info': ctrl.isSelected(row)}\">\r\n                <td>\r\n                    \r\n                <div class=\"task_in_todoliste\" style=\"background-color: #f9f9f9;border: 1px solid #eee;list-style: none;padding: 17px 9px 12px;position: relative;\" >\r\n                    <div class='task_in_todoliste' style='padding-left:70px;'>\r\n\t\t\t\t\t\t<span style='background-color: {{row.deadline_color}};position: absolute;margin-left: -70px;margin-top: -5px;height: 30px;width: 30px;'>\r\n\t\t\t\t\t\t\t<i class='fa {{row.icon}} fa-2x' style='color:white;margin-top:1px;margin-left:{{row.margin}}px;'></i>\r\n\t\t\t\t\t</span>\r\n                    <div style=\"float:right;\">\r\n                       <span ng-bind-html=\"row.actor\" class=\"ng-binding ng-scope card-text actor_container\" style=\"display: inline-block;clear:both;\"></span> \r\n                    </div>\r\n                    <div style=\"padding-left:20px;\">\r\n                        <div class=\"row\">\r\n                            <span style=\"color:#777;font-weight: bold;width:22%;white-space: nowrap;overflow:hidden;text-overflow:ellipsis;-o-text-overflow:ellipsis;display: inline-block;\" title='{{\"label.process_title\" | gfTranslate}}'>\r\n                                <i class=\"fa fa-cogs\"></i>\r\n                                <span class=\"card-title\">{{row.title}}</span>\r\n                            </span>\r\n                            <span style=\"color:#777;font-weight: bold;width:22%;white-space: nowrap;overflow:hidden;text-overflow:ellipsis;-o-text-overflow:ellipsis;display: inline-block;\">\r\n                                <i class=\"fa fa-code-fork\"></i>\r\n                                <span class=\"card-subtitle mb-2 text-muted\">{{row.type | gfTranslate}}</span>\r\n                            </span>\r\n\t\t\t\t\t\t\t<span style=\"color:#337ab7;font-weight: bold;width:13%;white-space: nowrap;overflow:hidden;text-overflow:ellipsis;-o-text-overflow:ellipsis;display: inline-block;\" title='{{\"label.tasks\" | gfTranslate}} {{row.todo_count}} {{\"label.todo\" | gfTranslate}}, {{row.done_count}} {{\"label.done\" | gfTranslate}}'>\r\n                                <span class=\"card-subtitle mb-2 text-muted\">{{row.todo_count}} <i class=\"fa fa-flag-o\"></i> | {{row.done_count}} <i class=\"fa fa-check-square-o\"></i></span>\r\n                            </span>\r\n\t\t\t\t\t\t\t<div class=\"deadline_box_in_rapide_todoliste\" style=\"max-width:125px;max-height:22px;overflow:hidden;text-overflow:ellipsis;-o-text-overflow:ellipsis;display: inline-block;\">\r\n                                <i class=\"fa fa-calendar\"></i> <span title='{{\"label.process_start_date\" | gfTranslate}}'>{{row.start|date:\"dd/MM/yyyy\"}}</span>\r\n                            </div>\r\n                            <div class=\"deadline_box_in_rapide_todoliste\" style=\"font-weight:bold;cursor:pointer;width:125px;text-align:center;px;max-height:22px;overflow:hidden;text-overflow:ellipsis;-o-text-overflow:ellipsis;display: inline-block;\">\r\n                                <i ng-if=\"row.has_deadline\" class=\"fa fa-clock-o\" style=\"color:{{row.deadline_color}};\"></i> <span style=\"color:{{row.deadline_color}};\" title='{{\"label.process_deadline\" | gfTranslate}}'>{{row.deadline|date:\"dd/MM/yyyy\"}}</span>\r\n                            </div>\r\n                        </div>\r\n                    </div>\r\n                    <div style=\"clear:both;\"></div>\r\n                </div>\r\n                </td>\r\n            </tr>\r\n        </tbody>\r\n    </table>\r\n    <div class=\"btn-group\" style=\"margin: 0 auto;display: table;\">\r\n        <button page=\"{{page.number}}\" id=\"page_{{page.number}}\" ng-click='change_page($event);' ng-repeat=\"page in pagination\" type=\"button\" class=\"btn btn-default {{page.btn_class}}\" aria-haspopup=\"true\" aria-expanded=\"false\" style=\"background-color:#fff;color:#337ab7;\">\r\n           {{page.label}}\r\n        </button>\r\n    </div>\r\n</div>\r\n\r\n<style>\r\n.loader-autocomplete{\r\n    border:3px solid #f3f3f3;\r\n    border-radius: 50%;\r\n    border-top: 3px solid #3498db;\r\n    border-bottom: 3px solid #3498db;\r\n    width:50px;\r\n    height:50px;\r\n    -webkit-animation: spin 2s linear infinite;\r\n    animation: spin-loader 2s linear infinite;\r\n    margin: 0 auto;\r\n\r\n}\r\n\r\n@keyframes spin-loader{\r\n    0% {transform: rotate(0deg);}\r\n    100% {transform: rotate(360deg);}\r\n}\r\n\r\n.btn_active{\r\n    background-color:#337ab7!important;\r\n    color:#fff!important;\r\n}\r\n\r\n.table{\r\n    margin-bottom:2px!important;\r\n}\r\n</style>",
  "icon" : "<svg xmlns='http://www.w3.org/2000/svg' viewBox='0 0 50 20'><g><path fill='#CBD5E1' d='M36,15v2h11v-2H36z M40,10v2h7v-2H40z M11,10v2h14v-2H11z M3,10v2h3v-2H3z M11,15v2h17v-2H11z M3,15v2h3 v-2H3z'/><path fill='#fff' d='M1,19V1h48v18H1z M0,0v20h50V0H0z'/><path fill='#CBD5E1' d='M1,7v1h7v11h1V8h22v11h1V8h17V7H32V1h-1v6H9V1H8v6H1z'/><path fill='#fff' d='M35,3h12v2H35V3z M11,3h13v2H11V3z M3,3h3v2H3V3z'/></g></svg>",
  "controller" : "function PbTableCtrl($scope, $http, $sce, $filter) {\r\n     $scope.pagination = [];\r\n     \r\n     \r\n    \r\n     $scope.process_ids = \"\";\r\n     $scope.$watch(\"properties.content\", function(){\r\n          if(typeof $scope.properties.content == \"undefined\"){\r\n              return;\r\n          }\r\n         $scope.final_content = [];\r\n         $scope.build_pagination();\r\n\r\n         $scope.properties.content.forEach(function(myProcessContent) {\r\n            $scope.task_ids = $scope.task_ids+myProcessContent.id+\"-\";\r\n             \r\n            //Fill task content\r\n            var myTask = {}\r\n            myTask.id = myProcessContent.id;\r\n            myTask.start = myProcessContent.start;\r\n            myTask.state = myProcessContent.state;\r\n            myTask.deadline = myProcessContent.deadline;\r\n            myTask.title = myProcessContent.title;\r\n            myTask.type = myProcessContent.type;\r\n            myTask.startedby = myProcessContent.startedby;\r\n            myTask.todo_count = myProcessContent.todo_count;\r\n            myTask.done_count = myProcessContent.done_count;\r\n\t\t\tmyTask = set_deadline_color(myProcessContent, myTask);\r\n\t\t\tmyTask.actor = get_initiator_html(myTask.processHistory, myTask);\r\n\t\t\tmyTask.hid = myProcessContent.hid;\r\n\t\t\tmyTask.documents = myProcessContent.documents;\r\n\t\t\t\r\n\t\t\tif(myTask.state == \"finished\"){\r\n\t\t\t    myTask.icon = \"fa-check\";\r\n\t\t\t    myTask.margin = \"1\";\r\n\t\t\t}else{\r\n\t\t\t    myTask.icon = \"fa-clock-o\";\r\n\t\t\t    myTask.margin = \"3\";\r\n\t\t\t}\r\n\t\t\t\r\n            //Push content to final array\r\n            $scope.final_content.push(myTask);\r\n         });\r\n   \r\n     });\r\n        \r\n\r\n  this.isArray = Array.isArray;\r\n  \r\n    $scope.build_pagination = function(){\r\n          $scope.$watch(\"properties.pageCount\", function(){\r\n              \r\n          if(typeof $scope.properties.pageCount == \"undefined\"){\r\n              return;\r\n          }\r\n          $scope.pagination = [];\r\n          var results_count = $scope.properties.pageCount.split(\"/\")[1];\r\n          var number_page = results_count / 10;\r\n          \r\n          var i;\r\n          for (i = 0; i < number_page; i++) {\r\n                if(i == (parseInt($scope.properties.page)-1)){\r\n                    var my_page_object = {number:i, label:\"<\", btn_class:\"\"}\r\n                    $scope.pagination.push(my_page_object);\r\n                }else if(i == (parseInt($scope.properties.page)+1) && $scope.properties.content.length == 10){\r\n                    var my_page_object = {number:i, label:\">\", btn_class:\"\"}\r\n                    $scope.pagination.push(my_page_object);\r\n                }else if(i == $scope.properties.page){\r\n                    var my_page_object = {number:i, label:i+1, btn_class:\"btn_active\"}\r\n                    $scope.pagination.push(my_page_object);\r\n                }\r\n           }\r\n        });\r\n        \r\n  }\r\n  \r\n  \r\n   $scope.change_page = function($event){\r\n       if($scope.properties.page != $event.target.id.replace(\"page_\", \"\")){\r\n           $scope.properties.content.length = 0\r\n           $scope.task_ids = \"\";\r\n           $scope.final_content = [];\r\n           $scope.properties.page = $event.target.id.replace(\"page_\", \"\");\r\n        }\r\n       \r\n   }\r\n   \r\nfunction get_initiator_html(myProcessHistory, myTask){\r\n      if(myTask.startedby > 0){\r\n          var url = \"/api/user/picture?username=\"+myTask.startedby + \"&with_name=1\";\r\n           $http.get(url).then( \r\n                       function successCallback(response) {\r\n                            var label_actor = $filter('gfTranslate')(\"label.started_by\");\r\n                            myTask.actor = $sce.trustAsHtml(\"<div style='clear:both;'>\"+response.data.content+\"</div>\");\r\n                       }    \r\n                ); \r\n      }else{\r\n          return $filter('gfTranslate')(\"label.started_auto\");\r\n      }\r\n\r\n}\r\n   \r\n   function set_deadline_color(processVariables, myTask){\r\n        myTask.has_deadline = true;\r\n        if(processVariables.deadline === null || typeof processVariables.deadline == \"undefined\" || processVariables.deadline == \"\"){\r\n            processVariables.deadline = \" / \";\r\n            myTask.has_deadline = false;\r\n            myTask.deadline_color = \"#5bc0de\";\r\n        }else{\r\n            var d = new Date(processVariables.deadline);\r\n            var timestamp_now = new Date().getTime() / 1000;\r\n            var timestamp = d.getTime() / 1000;\r\n              \r\n            if(timestamp_now > timestamp){\r\n                myTask.deadline_color = \"#c0392b\";\r\n            }else if(timestamp - timestamp_now < 60*60*24){\r\n                myTask.deadline_color = \"#d35400\";\r\n            }else{\r\n                myTask.deadline_description = \"\";\r\n                myTask.deadline_color = \"#2ecc71\";\r\n            }\r\n        }\r\n        \r\n        if(myTask.state == \"finished\"){\r\n            myTask.deadline_color = \"#2ecc71\";\r\n        }\r\n      return myTask;\r\n  }\r\n  \r\n  this.isClickable = function () {\r\n    return $scope.properties.isBound('selectedRow');\r\n  };\r\n\r\n  this.selectRow = function (row) {\r\n    if (this.isClickable()) {\r\n      $scope.properties.selectedRow = row;\r\n      window.parent.parent.Gofast.gofast_workflow_show_details(row.id, row.type, row.title, row.hid, row.documents);\r\n    }\r\n  };\r\n\r\n  this.isSelected = function(row) {\r\n    return angular.equals(row, $scope.properties.selectedRow);\r\n  };\r\n\r\n}\r\n",
  "description" : "Tabular presentation of data from an array",
  "custom" : true,
  "order" : 17,
  "properties" : [ {
    "label" : "Selected Row",
    "name" : "selectedRow",
    "type" : "text",
    "bond" : "variable"
  }, {
    "label" : "Session",
    "name" : "session",
    "type" : "text",
    "bond" : "variable"
  }, {
    "label" : "Page",
    "name" : "page",
    "type" : "text",
    "bond" : "variable"
  }, {
    "label" : "Content",
    "name" : "content",
    "type" : "text",
    "bond" : "variable"
  }, {
    "label" : "Page Count",
    "name" : "pageCount",
    "type" : "text",
    "bond" : "variable"
  } ],
  "assets" : [ {
    "id" : "a2122a83-123d-4efc-ba4e-8149c81e6be1",
    "name" : "fontawesome-webfont.svg",
    "type" : "css",
    "order" : 5,
    "external" : false
  }, {
    "id" : "df6c3572-23dd-4ff4-b4b4-7a5206d18edb",
    "name" : "fontawesome-webfont.ttf",
    "type" : "css",
    "order" : 6,
    "external" : false
  }, {
    "id" : "58b693e2-eb7e-4c7f-b06d-0157dd250449",
    "name" : "font-awesome.css",
    "type" : "css",
    "order" : 2,
    "external" : false
  }, {
    "id" : "e73057f3-aabc-4ffa-a007-4047247e658d",
    "name" : "gofast_ui_designer_translate.js",
    "type" : "js",
    "order" : 9,
    "external" : false
  }, {
    "id" : "a08fe519-be9e-4d39-b956-eefc0aa5932f",
    "name" : "fontawesome-webfont.woff2",
    "type" : "css",
    "order" : 8,
    "external" : false
  }, {
    "id" : "45d41ce1-8ce0-4bd1-9e6e-90e7ae1c9665",
    "name" : "FontAwesome.otf",
    "type" : "css",
    "order" : 3,
    "external" : false
  }, {
    "id" : "2f7f26f6-b621-4fd2-b306-bf67e92c53e8",
    "name" : "fontawesome-webfont.eot",
    "type" : "css",
    "order" : 4,
    "external" : false
  }, {
    "id" : "2d19bb42-22d8-4413-9a2c-2bfcfdd1d5b0",
    "name" : "jquery.min.js",
    "type" : "js",
    "order" : 1,
    "external" : false
  }, {
    "id" : "4b12480b-62e4-416f-96d6-91ddccb22b82",
    "name" : "fontawesome-webfont.woff",
    "type" : "css",
    "order" : 7,
    "external" : false
  } ],
  "requiredModules" : [ ],
  "type" : "widget",
  "hasHelp" : false
}