{
  "designerVersion" : "1.7.69",
  "id" : "HistoryBdm",
  "name" : "HistoryBdm",
  "lastUpdate" : 1599140770050,
  "rows" : [ [ {
    "type" : "component",
    "dimension" : {
      "xs" : 12
    },
    "propertyValues" : {
      "cssClasses" : {
        "type" : "constant",
        "value" : ""
      },
      "hidden" : {
        "type" : "constant",
        "value" : false
      },
      "commonhistory" : {
        "type" : "constant",
        "value" : true
      }
    },
    "reference" : "45800949-325d-49c2-958e-15cc6e148c15",
    "id" : "customProcessHistory"
  } ] ],
  "assets" : [ {
    "id" : "e3fddb21-1902-414a-b46e-03e68f8fc8dd",
    "name" : "style.css",
    "type" : "css",
    "order" : 0,
    "external" : false
  } ],
  "inactiveAssets" : [ ],
  "data" : { },
  "uuid" : "c352e782-f42d-4f69-8979-d97184dadf24",
  "type" : "page"
}