{
  "designerVersion" : "1.7.69",
  "id" : "customGofastProcessHistoryTable",
  "name" : "gofastProcessHistoryTable",
  "lastUpdate" : 1637326334370,
  "template" : "<div class=\"table-responsive\">\n    <table class=\"table\" ng-class=\"{'table-hover': ctrl.isClickable()}\">\n        <thead>\n             <tr>\n                <th>\n                </th>\n            </tr>\n        </thead>\n         <tbody ng-if=\"ctrl.isArray(final_content)\">\n            <tr style=\"cursor:auto;background-color:white;\" ng-repeat=\"row in final_content\" ng-click=\"ctrl.selectRow(row)\" ng-class=\"\">\n                <td>\n                    \n                  <div class=\"task_in_todoliste\" style=\"list-style: none;padding: 1px 2px;position: relative;\" >\n                    \n                    <div style=\"float:right;\">\n                       <span ng-bind-html=\"row.actor\" class=\"ng-binding ng-scope card-text actor_container\" style=\"display: inline-block;\"></span> \n                    </div>\n                    <div style=\"padding-left:0;\">\n                        <div class=\"row\">\n                            <span style=\"color:#337ab7;width:40%;white-space: nowrap;overflow:hidden;text-overflow:ellipsis;-o-text-overflow:ellipsis;display: inline-block;\" title='{{\"label.process_title\" | gfTranslateHistory}}'>\n                                <i class=\"fa fa-cogs\"></i>\n                                <span class=\"card-title\">{{row.title}}</span>\n                            </span>\n                            <span style=\"color:#337ab7;font-weight: bold;white-space: nowrap;overflow:hidden;text-overflow:ellipsis;-o-text-overflow:ellipsis;display: inline-block;\">\n                                <i class=\"fa fa-check\"></i>\n                                <span class=\"card-subtitle mb-2 text-muted\"></span>\n                            </span>\n                        </div>\n                        <div class=\"row\">\n                            <div>\n                                <div class=\"deadline_box_in_rapide_todoliste\" style=\"float:left;width:40%;max-height:22px;overflow:hidden;text-overflow:ellipsis;-o-text-overflow:ellipsis;display: inline-block;\">\n                                   <i class=\"glyphicon glyphicon-time\"></i> <span title='{{\"label.process_start_date\" | gfTranslateHistory}}'>{{row.start_date|date:\"dd/MM/yyyy\"}}</span>\n                                </div>\n                               <!--<div class=\"deadline_box_in_rapide_todoliste\" style=\"font-weight:bold;cursor:pointer;float:left;width:5%;text-align:center;px;max-height:22px;overflow:hidden;text-overflow:ellipsis;-o-text-overflow:ellipsis;display: inline-block;\">\n                                   <i ng-if=\"row.has_deadline\" class=\"fa fa-stop\" style=\"color:#337ab7;\"></i> <span style=\"color:{{row.deadline_color}};\" title='{{\"label.process_deadline\" | gfTranslateHistory}}'>{{row.deadline|date:\"dd/MM/yyyy\"}}</span>\n                                </div>-->\n                                <div class=\"deadline_box_in_rapide_todoliste\" style=\"float:left;width:40%;max-height:22px;overflow:hidden;text-overflow:ellipsis;-o-text-overflow:ellipsis;display: inline-block;\">\n                                   <i class=\"glyphicon glyphicon-time\"></i> <span title='{{\"label.process_end_date\" | gfTranslateHistory}}'>{{row.finished_date|date:\"dd/MM/yyyy\"}}</span>\n                                </div>\n                                \n                                <div class=\"deadline_box_in_rapide_todoliste\" style=\"float:left;max-width:185px;max-height:22px;\">\n                                     <div ng-bind-html=\"row.documents\" class=\"ng-binding ng-scope card-text document_container\"></div>\n                                </div>\n                                \n                                <div id=\"wf-buttons\" style=\"float: right;margin-right: 0;\">\n                                    <span ng-if=\"row.is_author\" class=\"gofast_workflows_title_task_doit\" style=\"cursor:pointer;\" ng-click='ctrl.selectRow(row);ceo_vision_js_task_doit();' title='{{\"label.process_doit\" | gfTranslateHistory}}'>\n                                        <button type=\"button\" class=\"btn btn-default wf-button wf-button-green\" style=\"padding: 1px 6px;color: #2ecc71;\">\n                                            <span class=\"fa fa-check gofast_wf_link\"></span>\n                                        </button>\n                                    </span>\n                                    <span style=\"cursor:pointer;\" ng-click='ctrl.selectRow(row);ceo_vision_js_process_pageflow();' title='{{\"label.process_history\" | gfTranslateHistory}}'>\n                                        <button type=\"button\" class=\"btn btn-default wf-button wf-button-blue\" style=\"padding: 1px 6px;color: #337ab7;\">\n                                            <span class=\"fa fa-info gofast_wf_link\"></span>\n                                        </button> \n                                    </span>\n                        </div>\n                            </div>\n                        </div>\n                    </div>\n                    <div style=\"clear:both;\"></div>\n                </div>\n                </td>\n            </tr>\n        </tbody>\n       \n    </table>\n</div>\n",
  "controller" : "function PbTableCtrl($scope, $http, $sce, $filter) {\n     $scope.final_content = [];\n\n     $scope.$watch(\"properties.instancesIds\", function(){\n          if(typeof $scope.properties.instancesIds == \"undefined\"){\n              return;\n          }\n         \n           for (var property in $scope.properties.instancesIds) {\n                if ($scope.properties.instancesIds.hasOwnProperty(property)) {\n                       //load process object manually\n                    $http.get(\"/bonita/API/bdm/businessData/com.company.model.ProcessHistory/\"+$scope.properties.instancesIds[property].persistenceId).then( \n                        function successCallback(response) {\n                            var processObject = new Object();\n                            processObject.title = response.data.title;\n                            processObject.start_date = response.data.start_date;\n                            processObject.deadline = get_deadline_html(response, processObject);\n                            processObject.actor = get_initiator_html(response, processObject);\n                            processObject.persistenceId = response.data.persistenceId;\n                            processObject.finished_date = get_finished_date(response);\n                            $scope.final_content.push(processObject);\n                        }\n                    );\n           }   \n         }\n    \n     } );        \n\n  this.isArray = Array.isArray;\n\n function get_finished_date(ProcessHistory){\n\n       var last_line = ProcessHistory.data.lines[ProcessHistory.data.lines.length-1];\n       var finished_date = last_line.line_date;\n       return finished_date;\n }\n\n  function get_initiator_html(myProcessHistory, myTask){\n      var initiator_string = myProcessHistory.data.initiator;\n      var url = \"/api/user/picture?username=\"+initiator_string;\n       $http.get(url).then( \n                   function successCallback(response) {\n                       // var label_actor = $filter('gfTranslateHistory')(\"label.started_by\");\n                       var label_actor = \"\";\n                        myTask.actor = $sce.trustAsHtml(\"<div style='clear:both;'>\"+label_actor+\"\"+response.data.content+\"</div>\");\n                   }    \n            );  \n  }\n  \n    $scope.ceo_vision_js_process_pageflow = function(){\n      var row = $scope.properties.selectedRow;\n      console.log(row);\n      window.parent.parent.Drupal.gofast_workflows.ceo_vision_js_process_pageflow(\"bdm\", \"\", row.persistenceId,\"\");\n      \n  };\n\n  this.isClickable = function () {\n    return $scope.properties.isBound('selectedRow');\n  };\n\n  this.selectRow = function (row) {\n    if (this.isClickable()) {\n      $scope.properties.selectedRow = row;\n    }\n  };\n  \n    function get_deadline_html(processVariables, myTask){\n      var d = new Date(processVariables.end_date);\n      var timestamp_now = new Date().getTime() / 1000;\n      var timestamp = d.getTime() / 1000;\n      \n      if(timestamp_now > timestamp){\n           var label_deadline = $filter('gfTranslateHistory')(\"label.process_outdated\");\n           myTask.deadline_description = label_deadline;\n           myTask.deadline_color = \"#c0392b\";\n       }else if(timestamp - timestamp_now < 60*60*24){\n           var label_deadline = $filter('gfTranslateHistory')(\"label.process_soon_outdated\");\n           myTask.deadline_description = label_deadline;\n           myTask.deadline_color = \"#d35400\";\n       }else{\n           myTask.deadline_description = \"\";\n           myTask.deadline_color = \"#2ecc71\";\n       }\n      \n    myTask.has_deadline = true;\n    if(processVariables.end_date === null || typeof processVariables.end_date == \"undefined\"){\n        processVariables.end_date = \" / \";\n        myTask.has_deadline = false;\n    }\n      var deadline_html = processVariables.end_date;\n    \n      return deadline_html;\n  }\n\n  this.isSelected = function(row) {\n    return angular.equals(row, $scope.properties.selectedRow);\n  };\n  \n}\n",
  "custom" : true,
  "properties" : [ {
    "label" : "Instances IDS",
    "name" : "instancesIds",
    "help" : "Liste des instancesId",
    "type" : "text",
    "bond" : "variable"
  }, {
    "label" : "Selected Row",
    "name" : "selectedRow",
    "type" : "text",
    "bond" : "variable"
  } ],
  "assets" : [ {
    "id" : "b8b12ed5-bd66-4cec-9e15-e14353859730",
    "name" : "fontawesome-webfont.svg",
    "type" : "css",
    "order" : 7,
    "external" : false
  }, {
    "id" : "2d52389a-a2b7-4ef4-8c2f-617d19a988de",
    "name" : "fontawesome-webfont.woff2",
    "type" : "css",
    "order" : 4,
    "external" : false
  }, {
    "id" : "af08e80f-92ed-4fcd-b317-95be502c6c5a",
    "name" : "gofast_ui_designer_translate.js",
    "type" : "js",
    "order" : 10,
    "external" : false
  }, {
    "id" : "ee5f3a4d-681e-4c63-9d33-99efabfa1dcf",
    "name" : "font-awesome.css",
    "type" : "css",
    "order" : 3,
    "external" : false
  }, {
    "id" : "165936bc-56f5-4f63-b8b7-7aebbd5fab88",
    "name" : "fontawesome-webfont.woff",
    "type" : "css",
    "order" : 5,
    "external" : false
  }, {
    "id" : "6ac25c22-b1b4-4aec-b794-9b7863b306b5",
    "name" : "jquery.min.js",
    "type" : "js",
    "order" : 1,
    "external" : false
  }, {
    "id" : "25d3e7ce-aeed-4cd0-991d-aebaf2f55087",
    "name" : "gofast.css",
    "type" : "css",
    "order" : 11,
    "external" : false
  }, {
    "id" : "611cf1b8-c3bc-4e4b-9ca1-68d518a35335",
    "name" : "fontawesome-webfont.ttf",
    "type" : "css",
    "order" : 5,
    "external" : false
  }, {
    "id" : "192c9dcb-cfd7-4f64-90ae-2008ee4ea6c0",
    "name" : "FontAwesome.otf",
    "type" : "css",
    "order" : 9,
    "external" : false
  }, {
    "id" : "1d38a420-05b4-49f9-888d-3b05a852d286",
    "name" : "fontawesome-webfont.eot",
    "type" : "css",
    "order" : 8,
    "external" : false
  } ],
  "requiredModules" : [ ],
  "type" : "widget",
  "hasHelp" : false
}