{
  "designerVersion" : "1.7.69",
  "id" : "standardNoValidation",
  "name" : "standardNoValidation",
  "lastUpdate" : 1551435441876,
  "rows" : [ [ {
    "type" : "container",
    "dimension" : {
      "xs" : 12
    },
    "propertyValues" : {
      "cssClasses" : {
        "type" : "constant",
        "value" : ""
      },
      "hidden" : {
        "type" : "constant",
        "value" : false
      },
      "repeatedCollection" : {
        "type" : "variable",
        "value" : ""
      }
    },
    "reference" : "18293568-c5ee-4d28-85c4-3eed43674183",
    "id" : "pbContainer",
    "rows" : [ [ {
      "type" : "formContainer",
      "dimension" : {
        "xs" : 12
      },
      "propertyValues" : {
        "cssClasses" : {
          "type" : "constant",
          "value" : "thumbnail"
        },
        "hidden" : {
          "type" : "constant",
          "value" : false
        }
      },
      "reference" : "ecfe877f-aabe-470c-9d7e-b40661f5ac8a",
      "id" : "pbFormContainer",
      "container" : {
        "type" : "container",
        "dimension" : {
          "xs" : 12
        },
        "propertyValues" : { },
        "reference" : "31b335c9-d6cc-4b95-b295-3dc2572ec5cd",
        "id" : "pbContainer",
        "rows" : [ [ {
          "type" : "component",
          "dimension" : {
            "xs" : 12
          },
          "propertyValues" : {
            "cssClasses" : {
              "type" : "constant",
              "value" : ""
            },
            "hidden" : {
              "type" : "constant",
              "value" : false
            },
            "text" : {
              "type" : "interpolation",
              "value" : "{{\"header.comment_initiator\" | gfTranslate}}"
            },
            "level" : {
              "type" : "constant",
              "value" : "Level 4"
            },
            "alignment" : {
              "type" : "constant",
              "value" : "left"
            }
          },
          "reference" : "c1e3811a-3cbd-4aa9-a33b-59e6495b8d49",
          "id" : "pbTitle"
        } ], [ {
          "type" : "component",
          "dimension" : {
            "xs" : 12
          },
          "propertyValues" : {
            "cssClasses" : {
              "type" : "constant",
              "value" : ""
            },
            "hidden" : {
              "type" : "constant",
              "value" : false
            },
            "readOnly" : {
              "type" : "constant",
              "value" : true
            },
            "required" : {
              "type" : "constant",
              "value" : false
            },
            "minLength" : {
              "type" : "constant",
              "value" : ""
            },
            "maxLength" : {
              "type" : "constant",
              "value" : ""
            },
            "labelHidden" : {
              "type" : "constant",
              "value" : true
            },
            "label" : {
              "type" : "interpolation",
              "value" : "Default label"
            },
            "labelPosition" : {
              "type" : "constant",
              "value" : "top"
            },
            "labelWidth" : {
              "type" : "constant",
              "value" : 4
            },
            "value" : {
              "type" : "variable",
              "value" : "GFprocessCurrentComment"
            }
          },
          "reference" : "f9029830-0efb-4318-9d8f-3ec4f4e573ab",
          "id" : "pbTextarea"
        } ], [ {
          "type" : "component",
          "dimension" : {
            "xs" : 12
          },
          "propertyValues" : {
            "cssClasses" : {
              "type" : "constant",
              "value" : ""
            },
            "hidden" : {
              "type" : "constant",
              "value" : false
            },
            "text" : {
              "type" : "interpolation",
              "value" : "{{\"header.comment\" | gfTranslate}}"
            },
            "level" : {
              "type" : "constant",
              "value" : "Level 4"
            },
            "alignment" : {
              "type" : "constant",
              "value" : "left"
            }
          },
          "reference" : "9fc580dc-4b40-41d1-87e7-69ce594a9b67",
          "id" : "pbTitle"
        } ], [ {
          "type" : "component",
          "dimension" : {
            "xs" : 12
          },
          "propertyValues" : {
            "cssClasses" : {
              "type" : "constant",
              "value" : ""
            },
            "hidden" : {
              "type" : "constant",
              "value" : false
            },
            "readOnly" : {
              "type" : "constant",
              "value" : false
            },
            "required" : {
              "type" : "constant",
              "value" : false
            },
            "minLength" : {
              "type" : "constant",
              "value" : ""
            },
            "maxLength" : {
              "type" : "constant",
              "value" : ""
            },
            "labelHidden" : {
              "type" : "constant",
              "value" : false
            },
            "label" : {
              "type" : "interpolation",
              "value" : ""
            },
            "labelPosition" : {
              "type" : "constant",
              "value" : "left"
            },
            "labelWidth" : {
              "type" : "constant"
            },
            "value" : {
              "type" : "variable",
              "value" : "formInput.comment_input"
            }
          },
          "reference" : "968d5309-983c-4751-8ca6-54f44b662d59",
          "id" : "pbTextarea"
        } ], [ {
          "type" : "component",
          "dimension" : {
            "xs" : 12
          },
          "propertyValues" : {
            "removeItem" : {
              "type" : "variable"
            },
            "cssClasses" : {
              "type" : "constant",
              "value" : ""
            },
            "widgetId" : {
              "type" : "constant",
              "value" : "pbButton"
            },
            "buttonStyle" : {
              "type" : "constant",
              "value" : "primary"
            },
            "isDisplayed" : {
              "type" : "constant",
              "value" : true
            },
            "label" : {
              "type" : "interpolation",
              "value" : "{{\"button.submit\" | gfTranslate}}"
            },
            "dataToSend" : {
              "type" : "expression",
              "value" : "formOutput"
            },
            "labelHidden" : {
              "type" : "constant",
              "value" : false
            },
            "readonly" : {
              "type" : "constant",
              "value" : false
            },
            "collectionPosition" : {
              "type" : "constant"
            },
            "targetUrlOnSuccess" : {
              "type" : "interpolation",
              "value" : "/workflow/success?message=Your comment has been sent"
            },
            "action" : {
              "type" : "constant",
              "value" : "Submit task"
            },
            "collectionToModify" : {
              "type" : "variable"
            },
            "valueToAdd" : {
              "type" : "expression"
            },
            "disabled" : {
              "type" : "expression",
              "value" : "$form.$invalid"
            },
            "alignment" : {
              "type" : "constant",
              "value" : "center"
            },
            "class" : {
              "type" : "constant",
              "value" : "org.bonitasoft.web.designer.experimental.parametrizedWidget.ButtonWidget"
            },
            "dimension" : {
              "type" : "constant",
              "value" : 12
            },
            "hidden" : {
              "type" : "constant",
              "value" : false
            },
            "url" : {
              "type" : "interpolation"
            },
            "dataFromSuccess" : {
              "type" : "variable",
              "value" : ""
            },
            "dataFromError" : {
              "type" : "variable",
              "value" : ""
            }
          },
          "reference" : "094c6ec3-e316-4a8e-a98c-c815fd3a71c8",
          "id" : "pbButton"
        } ] ]
      }
    } ], [ {
      "type" : "container",
      "dimension" : {
        "xs" : 12
      },
      "propertyValues" : {
        "cssClasses" : {
          "type" : "constant",
          "value" : "thumbnail"
        },
        "hidden" : {
          "type" : "constant",
          "value" : false
        },
        "repeatedCollection" : {
          "type" : "variable",
          "value" : ""
        }
      },
      "reference" : "1a007edf-c217-420c-94e3-da1e46803367",
      "id" : "pbContainer",
      "rows" : [ [ {
        "type" : "component",
        "dimension" : {
          "xs" : 12
        },
        "propertyValues" : {
          "cssClasses" : {
            "type" : "constant",
            "value" : ""
          },
          "hidden" : {
            "type" : "constant",
            "value" : false
          },
          "text" : {
            "type" : "interpolation",
            "value" : "{{\"header.history\" | gfTranslate}}"
          },
          "level" : {
            "type" : "constant",
            "value" : "Level 4"
          },
          "alignment" : {
            "type" : "constant",
            "value" : "left"
          }
        },
        "reference" : "06117677-f022-404d-a43a-2ebac3185a42",
        "id" : "pbTitle"
      } ], [ {
        "type" : "component",
        "dimension" : {
          "xs" : 12
        },
        "propertyValues" : {
          "cssClasses" : {
            "type" : "constant",
            "value" : ""
          },
          "hidden" : {
            "type" : "constant",
            "value" : false
          },
          "context" : {
            "type" : "variable",
            "value" : ""
          }
        },
        "reference" : "84674266-c715-400d-ab73-202d58bfc2cc",
        "id" : "customProcessHistory"
      } ] ]
    } ] ]
  } ] ],
  "assets" : [ {
    "id" : "edfd5332-28ae-4912-adfd-b1fb2ab2da68",
    "name" : "style.css",
    "type" : "css",
    "order" : 0,
    "external" : false
  }, {
    "id" : "947a6f9e-5d7e-4a08-863d-13d1d1b37c26",
    "name" : "gofast_ui_designer_translate.js",
    "type" : "js",
    "order" : 1,
    "external" : false
  } ],
  "inactiveAssets" : [ ],
  "data" : {
    "task" : {
      "type" : "url",
      "value" : "../API/bpm/userTask/{{taskId}}",
      "exposed" : false
    },
    "formInput" : {
      "type" : "json",
      "value" : "{\r\n  \"comment_input\" : \"\"\r\n}",
      "exposed" : false
    },
    "formOutput" : {
      "type" : "expression",
      "value" : "return {\n\t'comment_input': $data.formInput.comment_input,\n};",
      "exposed" : false
    },
    "context" : {
      "type" : "url",
      "value" : "../API/bpm/userTask/{{taskId}}/context",
      "exposed" : false
    },
    "taskId" : {
      "type" : "urlparameter",
      "value" : "id",
      "exposed" : false
    },
    "GFprocessCurrent" : {
      "type" : "url",
      "value" : "../{{case_context.processCurrent_ref.link}}",
      "exposed" : false
    },
    "GFprocessCurrentComment" : {
      "type" : "expression",
      "value" : "if(typeof $data.GFprocessCurrent == \"undefined\" || $data.GFprocessCurrent === null || $data.GFprocessCurrent == \"\"){\n    return \"\";\n}\n\nif(typeof $data.GFprocessCurrent.contents == \"undefined\" || $data.GFprocessCurrent.contents === null || $data.GFprocessCurrent.contents == \"\"){\n    return \"\";\n}\n\nfor (var i in $data.GFprocessCurrent.contents){\n    if($data.GFprocessCurrent.contents[i].name == \"Comment\"){\n        return $data.GFprocessCurrent.contents[i].content_value;\n    }\n}\n\nreturn \"\";",
      "exposed" : false
    },
    "case_context" : {
      "type" : "url",
      "value" : "../API/bpm/case/{{caseId}}/context",
      "exposed" : false
    },
    "caseId" : {
      "type" : "expression",
      "value" : "if(typeof $data.task == \"undefined\" || $data.task === null || $data.task == \"\"){\n    return;\n}\n\nreturn $data.task.caseId;",
      "exposed" : false
    }
  },
  "uuid" : "a5f901de-7d73-452c-aa68-21102e174241",
  "type" : "form"
}