{"modelVersion":"2.2","previousArtifactVersion":"1.7.69","id":"standardNoValidation","name":"standardNoValidation","lastUpdate":1699536976753,"rows":[[{"type":"container","dimension":{"xs":12},"propertyValues":{"cssClasses":{"type":"constant","value":""},"hidden":{"type":"constant","value":false},"repeatedCollection":{"type":"variable","value":""}},"reference":"18293568-c5ee-4d28-85c4-3eed43674183","hasValidationError":false,"id":"pbContainer","rows":[[{"type":"formContainer","dimension":{"xs":5},"propertyValues":{"cssClasses":{"type":"constant","value":"thumbnail"},"hidden":{"type":"constant","value":false}},"reference":"ecfe877f-aabe-470c-9d7e-b40661f5ac8a","hasValidationError":false,"id":"pbFormContainer","container":{"type":"container","dimension":{"xs":12},"propertyValues":{},"reference":"31b335c9-d6cc-4b95-b295-3dc2572ec5cd","hasValidationError":false,"id":"pbContainer","rows":[[{"type":"component","dimension":{"xs":12},"propertyValues":{"cssClasses":{"type":"constant","value":""},"hidden":{"type":"constant","value":false},"text":{"type":"interpolation","value":"{{\"header.comment_initiator\" | gfTranslate}}"},"level":{"type":"constant","value":"Level 4"},"alignment":{"type":"constant","value":"left"}},"reference":"c1e3811a-3cbd-4aa9-a33b-59e6495b8d49","hasValidationError":false,"id":"pbTitle"}],[{"type":"component","dimension":{"xs":12},"propertyValues":{"cssClasses":{"type":"constant","value":""},"hidden":{"type":"constant","value":false},"readOnly":{"type":"constant","value":true},"required":{"type":"constant","value":false},"minLength":{"type":"constant","value":""},"maxLength":{"type":"constant","value":""},"labelHidden":{"type":"constant","value":true},"label":{"type":"interpolation","value":"Default label"},"labelPosition":{"type":"constant","value":"top"},"labelWidth":{"type":"constant","value":4},"value":{"type":"variable","value":"GFprocessCurrentComment"}},"reference":"f9029830-0efb-4318-9d8f-3ec4f4e573ab","hasValidationError":false,"id":"pbTextarea"}],[{"type":"component","dimension":{"xs":12},"propertyValues":{"cssClasses":{"type":"constant","value":""},"hidden":{"type":"constant","value":false},"text":{"type":"interpolation","value":"{{\"header.comment\" | gfTranslate}}"},"level":{"type":"constant","value":"Level 4"},"alignment":{"type":"constant","value":"left"}},"reference":"9fc580dc-4b40-41d1-87e7-69ce594a9b67","hasValidationError":false,"id":"pbTitle"}],[{"type":"component","dimension":{"xs":12},"propertyValues":{"cssClasses":{"type":"constant","value":""},"hidden":{"type":"constant","value":false},"readOnly":{"type":"constant","value":false},"required":{"type":"constant","value":false},"minLength":{"type":"constant","value":""},"maxLength":{"type":"constant","value":""},"labelHidden":{"type":"constant","value":false},"label":{"type":"interpolation","value":""},"labelPosition":{"type":"constant","value":"left"},"labelWidth":{"type":"constant"},"value":{"type":"variable","value":"formInput.comment_input"}},"reference":"968d5309-983c-4751-8ca6-54f44b662d59","hasValidationError":false,"id":"pbTextarea"}],[{"type":"component","dimension":{"xs":12},"propertyValues":{"removeItem":{"type":"variable"},"cssClasses":{"type":"constant","value":""},"widgetId":{"type":"constant","value":"pbButton"},"buttonStyle":{"type":"constant","value":"primary"},"isDisplayed":{"type":"constant","value":true},"label":{"type":"interpolation","value":"{{\"button.submit\" | gfTranslate}}"},"dataToSend":{"type":"expression","value":"formOutput"},"labelHidden":{"type":"constant","value":false},"readonly":{"type":"constant","value":false},"collectionPosition":{"type":"constant"},"targetUrlOnSuccess":{"type":"interpolation","value":"/workflow/success?message=Your comment has been sent"},"action":{"type":"constant","value":"Submit task"},"collectionToModify":{"type":"variable"},"valueToAdd":{"type":"expression"},"disabled":{"type":"expression","value":"$form.$invalid"},"alignment":{"type":"constant","value":"center"},"class":{"type":"constant","value":"org.bonitasoft.web.designer.experimental.parametrizedWidget.ButtonWidget"},"dimension":{"type":"constant","value":12},"hidden":{"type":"constant","value":false},"url":{"type":"interpolation"},"dataFromSuccess":{"type":"variable","value":""},"dataFromError":{"type":"variable","value":""}},"reference":"094c6ec3-e316-4a8e-a98c-c815fd3a71c8","hasValidationError":false,"id":"pbButton"}]]}},{"type":"container","dimension":{"xs":7},"propertyValues":{"cssClasses":{"type":"constant","value":""},"hidden":{"type":"constant","value":false},"repeatedCollection":{"type":"variable","value":""}},"reference":"8ffa879e-328b-4a7d-963e-ce54c24a5936","hasValidationError":false,"id":"pbContainer","rows":[[{"type":"tabsContainer","dimension":{"xs":12},"propertyValues":{"cssClasses":{"type":"constant","value":""},"hidden":{"type":"constant","value":false},"vertical":{"type":"constant","value":false},"type":{"type":"constant","value":"tabs"}},"reference":"1f7ae0c3-edc1-4a68-ac89-85b01405531a","hasValidationError":false,"id":"pbTabsContainer","tabList":[{"type":"tabContainer","dimension":{"xs":12},"propertyValues":{"hidden":{"type":"constant","value":false},"cssClasses":{"type":"constant","value":""},"disabled":{"type":"constant","value":false},"title":{"type":"interpolation","value":"{{\"header.documents\" | gfTranslate}}"},"active":{"type":"variable","value":""}},"reference":"bf0e4655-77ab-4f31-8a88-03f0fce8e129","hasValidationError":false,"id":"pbTabContainer","container":{"type":"container","dimension":{"xs":12},"propertyValues":{},"reference":"17c707f7-bcc5-4ecd-8257-66196d83994b","hasValidationError":false,"id":"pbContainer","rows":[[{"type":"component","dimension":{"xs":10},"propertyValues":{"cssClasses":{"type":"constant","value":""},"hidden":{"type":"constant","value":false},"disabled":{"type":"constant","value":false},"required":{"type":"constant","value":false},"labelHidden":{"type":"constant","value":true},"label":{"type":"interpolation","value":"Document"},"labelPosition":{"type":"constant","value":"top"},"labelWidth":{"type":"constant","value":4},"placeholder":{"type":"interpolation","value":"Select an option"},"availableValues":{"type":"expression","value":"list_nids_list"},"displayedKey":{"type":"constant","value":"title"},"returnedKey":{"type":"constant","value":"nid"},"value":{"type":"variable","value":"current_preview_nid"}},"reference":"e8c48bf1-100d-4d18-ad05-02c9e312e2d6","hasValidationError":false,"id":"pbSelect"},{"type":"component","dimension":{"xs":2},"propertyValues":{"cssClasses":{"type":"constant","value":"button-link-doc"},"hidden":{"type":"constant","value":false},"disabled":{"type":"constant","value":false},"label":{"type":"interpolation","value":"<i class=\"fa fa-link\"></i>"},"alignment":{"type":"constant","value":"center"},"buttonStyle":{"type":"constant","value":"primary"},"action":{"type":"constant","value":"Add to collection"},"url":{"type":"interpolation"},"dataToSend":{"type":"constant"},"dataFromSuccess":{"type":"variable","value":""},"dataFromError":{"type":"variable","value":""},"targetUrlOnSuccess":{"type":"interpolation"},"collectionToModify":{"type":"variable","value":""},"collectionPosition":{"type":"constant","value":"Last"},"valueToAdd":{"type":"constant"},"removeItem":{"type":"variable"}},"reference":"ae5b07ce-66e5-4962-950b-8b09fe0093f4","hasValidationError":false,"id":"pbButton"}],[{"type":"component","dimension":{"xs":12},"propertyValues":{"cssClasses":{"type":"constant","value":""},"hidden":{"type":"constant","value":false},"nid":{"type":"expression","value":"current_preview_nid"},"height":{"type":"constant","value":500}},"reference":"2e4d7235-44b3-45c2-9473-c1f71adacfb4","hasValidationError":false,"id":"customGofastPdfViewer"}]]}},{"type":"tabContainer","dimension":{"xs":12},"propertyValues":{"hidden":{"type":"constant","value":false},"cssClasses":{"type":"constant","value":""},"disabled":{"type":"constant","value":false},"title":{"type":"interpolation","value":"{{\"header.history\" | gfTranslate}}"},"active":{"type":"variable","value":""}},"reference":"6bc3c43c-8099-47a0-888b-b6e907780322","hasValidationError":false,"id":"pbTabContainer","container":{"type":"container","dimension":{"xs":12},"propertyValues":{},"reference":"4df2258e-552f-4f3f-b6a0-b6f09008ad86","hasValidationError":false,"id":"pbContainer","rows":[[{"type":"component","dimension":{"xs":12},"propertyValues":{"cssClasses":{"type":"constant","value":""},"hidden":{"type":"constant","value":false},"text":{"type":"interpolation","value":"{{\"header.history\" | gfTranslate}}"},"level":{"type":"constant","value":"Level 4"},"alignment":{"type":"constant","value":"left"}},"reference":"06117677-f022-404d-a43a-2ebac3185a42","hasValidationError":false,"id":"pbTitle"}],[{"type":"component","dimension":{"xs":12},"propertyValues":{"cssClasses":{"type":"constant","value":""},"hidden":{"type":"constant","value":false},"context":{"type":"variable","value":""}},"reference":"84674266-c715-400d-ab73-202d58bfc2cc","hasValidationError":false,"id":"customProcessHistory"}]]}}]}]]}],[{"type":"container","dimension":{"xs":12},"propertyValues":{"cssClasses":{"type":"constant","value":"thumbnail"},"hidden":{"type":"constant","value":false},"repeatedCollection":{"type":"variable","value":""}},"reference":"1a007edf-c217-420c-94e3-da1e46803367","hasValidationError":false,"id":"pbContainer","rows":[[]]}]]}]],"assets":[{"id":"5b525a4a-d058-4746-9b7b-23d1a1bcded8","name":"fa-regular-400.ttf","type":"img","order":12,"external":false},{"id":"3e57fff6-9376-471b-bcc1-8e3431db238c","name":"fa-regular-400.svg","type":"img","order":11,"external":false},{"id":"edfd5332-28ae-4912-adfd-b1fb2ab2da68","name":"style.css","type":"css","order":0,"external":false},{"id":"f110632a-e2d3-401d-9103-54b34396bd48","name":"fa-brands-400.ttf","type":"img","order":7,"external":false},{"id":"81dc4fab-dcc2-4428-82eb-09b1286011ed","name":"fa-brands-400.svg","type":"img","order":6,"external":false},{"id":"a5407841-0561-4738-b9df-5acda4b7ea10","name":"fa-regular-400.woff2","type":"img","order":14,"external":false},{"id":"5a771d61-0663-42c1-9322-e2db2e687fdf","name":"fa-all.min.js","type":"js","order":3,"external":false},{"id":"c5f3cb6d-51f0-4f24-add5-25b37bf824dc","name":"resize_modal.js","type":"js","order":15,"external":false},{"id":"6226606e-8d99-422c-b045-a27064dd092e","name":"fa-brands-400.eot","type":"img","order":5,"external":false},{"id":"72388cbe-3617-406f-84c4-aeaf9b67b6fd","name":"fa-brands-400.woff2","type":"img","order":9,"external":false},{"id":"15931e86-c374-4a21-aad8-68040981d6ba","name":"fa-all.min.css","type":"css","order":4,"external":false},{"id":"947a6f9e-5d7e-4a08-863d-13d1d1b37c26","name":"gofast_ui_designer_translate.js","type":"js","order":1,"external":false},{"id":"e0f8495b-0fc8-4dfc-99bf-35d7321ef05d","name":"fa-regular-400.eot","type":"img","order":10,"external":false},{"id":"aa62ddb2-d62c-4a8c-9950-eb708a166898","name":"fa-regular-400.woff","type":"img","order":13,"external":false},{"id":"2d40d91c-d507-47b7-883f-ab508087fa3a","name":"fa-brands-400.woff","type":"img","order":8,"external":false}],"inactiveAssets":["14237e2a-81d4-44e1-b188-84549397e7c8"],"variables":{"formInput":{"type":"json","value":["{\r","  \"comment_input\" : \"\"\r","}"],"exposed":false},"list_nids2":{"type":"expression","value":["return JSON.parse('{\"case_id\":\"13\",\"name\":\"list_nids\",\"description\":\"\",\"type\":\"java.util.Collection\",\"value\":\"[ 19,  21]\"}');"],"exposed":false},"GFprocessCurrent":{"type":"url","value":["../{{case_context.processCurrent_ref.link}}"],"exposed":false},"list_nids_list":{"type":"expression","value":["var final_list = [];","","var list =  JSON.parse($data.list_nids.value);","list.forEach(function (item, index) {","    $.ajax({","    url: \"../../../../../../../../api/node/node?nid=\"+item,","    //url: \"https://gofast-preprod.ceo-vision.com/api/node/node?nid=\"+item,","    type: \"GET\",","    async: false, // Mode synchrone","    dataType: \"json\",","    complete: function(data){","        console.log(data);","         var final_item = {\"nid\":item,\"title\": data.responseJSON.title};","         final_list.push(final_item);","    }","});",""," // $.get( \"../../../../../../../../api/node/node?nid=\"+item, function( data ) {","","","});"," console.log(\"current nid\");","    console.log($data.current_preview_nid);","if($data.current_preview_nid === null){","    $data.current_preview_nid = final_list[0].nid;","    console.log(\"current nid2\");","    console.log($data.current_preview_nid);","}","console.log(\"liste\");","console.log(final_list);","return final_list;"],"exposed":false},"GFprocessCurrentComment":{"type":"expression","value":["if(typeof $data.GFprocessCurrent == \"undefined\" || $data.GFprocessCurrent === null || $data.GFprocessCurrent == \"\"){","    return \"\";","}","","if(typeof $data.GFprocessCurrent.contents == \"undefined\" || $data.GFprocessCurrent.contents === null || $data.GFprocessCurrent.contents == \"\"){","    return \"\";","}","","for (var i in $data.GFprocessCurrent.contents){","    if($data.GFprocessCurrent.contents[i].name == \"Comment\"){","        return $data.GFprocessCurrent.contents[i].content_value;","    }","}","","return \"\";"],"exposed":false},"list_nids":{"type":"url","value":["../API/bpm/caseVariable/{{caseId}}/list_nids"],"exposed":false},"current_preview_nid":{"type":"constant","exposed":false},"task":{"type":"url","value":["../API/bpm/userTask/{{taskId}}"],"exposed":false},"processClickLinkDoc":{"type":"expression","value":["  var link_button = document.getElementsByClassName(\"button-link-doc\")[0].getElementsByTagName(\"button\")[0];","  link_button.onclick = linkDocumentClick;","","","function linkDocumentClick(){","  var url = \"../../../../../../../../node/\"+$data.current_preview_nid;","  window.open(url, '_blank');","}"],"exposed":false},"formOutput":{"type":"expression","value":["return {","\t'comment_input': $data.formInput.comment_input,","};"],"exposed":false},"caseId":{"type":"expression","value":["if(typeof $data.task == \"undefined\" || $data.task === null || $data.task == \"\"){","    return;","}","","return $data.task.caseId;"],"exposed":false},"context":{"type":"url","value":["../API/bpm/userTask/{{taskId}}/context"],"exposed":false},"taskId":{"type":"urlparameter","value":["id"],"exposed":false},"case_context":{"type":"url","value":["../API/bpm/case/{{caseId}}/context"],"exposed":false}},"hasValidationError":false,"uuid":"a5f901de-7d73-452c-aa68-21102e174241","type":"form","description":"Page generated with Bonita UI designer"}