{"modelVersion":"2.2","id":"TaskDelegation","name":"TaskDelegation","lastUpdate":1711645104516,"rows":[[{"type":"container","dimension":{"xs":12,"sm":12,"md":12,"lg":12},"propertyValues":{"cssClasses":{"type":"constant","value":""},"hidden":{"type":"constant","value":false},"repeatedCollection":{"type":"variable","value":""}},"reference":"e07a144e-71ff-4095-852d-97274e7eeee7","hasValidationError":false,"id":"pbContainer","rows":[[{"type":"component","dimension":{"xs":12,"sm":12,"md":12,"lg":12},"propertyValues":{"cssClasses":{"type":"constant","value":""},"hidden":{"type":"constant","value":false},"text":{"type":"interpolation","value":"{{ \"header.title\" | gfTranslate}}"},"level":{"type":"constant","value":"Level 2"},"alignment":{"type":"constant","value":"left"}},"reference":"36632e6a-6ebd-446d-9ea2-50bd77da1cbf","hasValidationError":false,"id":"pbTitle"}],[{"type":"component","dimension":{"xs":12,"sm":12,"md":12,"lg":12},"propertyValues":{"cssClasses":{"type":"constant","value":""},"hidden":{"type":"constant","value":false},"labelHidden":{"type":"constant","value":true},"label":{"type":"interpolation","value":"Default label"},"labelPosition":{"type":"constant","value":"top"},"labelWidth":{"type":"constant","value":4},"allowHTML":{"type":"constant","value":true},"text":{"type":"interpolation","value":"<p class=\"bg-warning task-delegation-warning\"><i class=\"fas fa-exclamation-triangle text-warning\"></i>{{\"text.delegation_warning\" | gfTranslate}}</p>"},"alignment":{"type":"constant","value":"left"}},"reference":"1837c553-8384-429f-a1a2-98bb02c6a166","hasValidationError":false,"id":"pbText"}],[{"type":"component","dimension":{"xs":12,"sm":12,"md":12,"lg":12},"propertyValues":{"cssClasses":{"type":"constant","value":""},"hidden":{"type":"constant","value":false},"readOnly":{"type":"constant","value":false},"labelHidden":{"type":"constant","value":true},"label":{"type":"interpolation","value":"Default name"},"labelPosition":{"type":"constant","value":"top"},"labelWidth":{"type":"constant","value":4},"placeholder":{"type":"interpolation","value":"{{\"placeholder.target\" | gfTranslate}}"},"value":{"type":"variable","value":"uid"},"type":{"type":"constant","value":"user"},"bundles":{"type":"constant","value":"user,userlist"},"currentTitle":{"type":"variable","value":"title"}},"reference":"2c7dc077-ca7f-4c63-b350-0f37012af4ea","hasValidationError":false,"id":"customGofastAutocomplete"}],[{"type":"component","dimension":{"xs":12,"sm":12,"md":12,"lg":12},"propertyValues":{"cssClasses":{"type":"constant","value":""},"hidden":{"type":"expression","value":"!hasAccess || hasAccess == \"0\""},"labelHidden":{"type":"constant","value":true},"label":{"type":"interpolation","value":"Default label"},"labelPosition":{"type":"constant","value":"top"},"labelWidth":{"type":"constant","value":4},"allowHTML":{"type":"constant","value":true},"text":{"type":"interpolation","value":"<p class=\"bg-danger task-delegation-warning\"><i class=\"fas fa-exclamation-triangle fa-2x\"></i>{{hasAccess}}</p>"},"alignment":{"type":"constant","value":"left"}},"reference":"7d265bdb-2ed5-48aa-bacd-39b4e39b6bb4","hasValidationError":false,"id":"pbText"}],[{"type":"component","dimension":{"xs":12,"sm":12,"md":12,"lg":12},"propertyValues":{"cssClasses":{"type":"constant","value":""},"hidden":{"type":"expression","value":"!uid || uid.length <= 1 || title.length <= 1 || hasAssigneeString == \"0\""},"labelHidden":{"type":"constant","value":true},"label":{"type":"interpolation","value":"Default label"},"labelPosition":{"type":"constant","value":"top"},"labelWidth":{"type":"constant","value":4},"allowHTML":{"type":"constant","value":true},"text":{"type":"interpolation","value":"<p class=\"bg-danger task-delegation-warning\"><i class=\"fas fa-exclamation-triangle fa-2x\"></i>{{hasAssigneeString}}</p>"},"alignment":{"type":"constant","value":"left"}},"reference":"19e2c2b8-5043-42b5-b345-ae93337685b5","hasValidationError":false,"id":"pbText"}],[{"type":"component","dimension":{"xs":12,"sm":12,"md":12,"lg":12},"propertyValues":{"cssClasses":{"type":"constant","value":""},"hidden":{"type":"constant","value":false},"disabled":{"type":"expression","value":"!uid || uid.length <= 1 || title.length <= 1 || hasAssigneeString != \"0\""},"label":{"type":"interpolation","value":"{{\"button.submit\" | gfTranslate}}"},"alignment":{"type":"constant","value":"center"},"buttonStyle":{"type":"constant","value":"primary"},"action":{"type":"constant","value":"GET"},"assign":{"type":"constant","value":false},"url":{"type":"interpolation","value":"/bonita/API/extension/updateActorsOfUserTasks?taskids={{taskId}}&userid={{uid}}"},"responseStatusCode":{"type":"variable","value":""},"dataToSend":{"type":"constant"},"dataFromSuccess":{"type":"variable","value":"successResponse"},"closeOnSuccess":{"type":"constant","value":false},"dataFromError":{"type":"variable","value":"failResponse"},"targetUrlOnSuccess":{"type":"interpolation"},"collectionToModify":{"type":"variable"},"modalId":{"type":"constant","value":""},"collectionPosition":{"type":"constant","value":"Last"},"valueToAdd":{"type":"constant"},"removeItem":{"type":"variable"}},"reference":"91ae6eb7-5ebd-4de9-95cf-a725258810a4","hasValidationError":false,"id":"pbButton"}]]}]],"assets":[{"id":"ea9d326e-bbf5-45e4-b71c-324a07718461","name":"style.css","type":"css","order":0,"external":false},{"id":"1827e56f-8ce5-41b1-b4af-8e69ea6116c2","name":"fa-brands-400.woff2","type":"css","order":7,"external":false},{"id":"73aeeddf-d765-49a9-b8ab-291d47c85a5e","name":"fa-solid-900.eot","type":"css","order":13,"external":false},{"id":"446460b1-53cc-413a-9c10-4ff6c1c49891","name":"fa-brands-400.woff","type":"css","order":6,"external":false},{"id":"00bb1cbb-b562-4db5-83bd-ac315b5da243","name":"fa-solid-900.woff","type":"css","order":15,"external":false},{"id":"fd273fb7-26d5-4321-b7f4-4d2c4871502c","name":"fa-brands-400.svg","type":"css","order":4,"external":false},{"id":"ce9c51ea-24c3-4b6c-8b00-8442358623ec","name":"localization.json","type":"json","order":1,"external":false},{"id":"462d713e-8852-49fc-9429-d976f47c9e0a","name":"fa-solid-900.woff2","type":"css","order":16,"external":false},{"id":"05b08534-2918-4ee4-81fb-422a48725cf5","name":"fa-regular-400.eot","type":"css","order":8,"external":false},{"id":"e990562f-ed9b-47ac-8ebd-83a11266d3b9","name":"fa-regular-400.svg","type":"css","order":9,"external":false},{"id":"b4e768cc-b9b6-4d9e-9cbb-3b70fb731b4e","name":"fa-regular-400.woff2","type":"css","order":12,"external":false},{"id":"04853642-7711-40d8-a740-a32dc402e8e1","name":"fontawesome.css","type":"css","order":17,"external":false},{"id":"2d3097d0-c691-40fd-9093-c048501b8872","name":"gofast_ui_designer_translate.js","type":"js","order":2,"external":false},{"id":"0ae2539a-d4ca-417e-90df-41cdf33a6812","name":"solid.css","type":"css","order":19,"external":false},{"id":"78913b53-8bfb-4447-81a5-c054d8be3976","name":"fa-brands-400.ttf","type":"css","order":5,"external":false},{"id":"c00a4e7e-ba72-451d-af3f-435621e049db","name":"regular.css","type":"css","order":18,"external":false},{"id":"ba0b907d-1862-451d-aaf5-8129b6946781","name":"brands.css","type":"css","order":3,"external":false},{"id":"a01cded8-d0cf-44a5-9831-c9179feb1f5a","name":"fa-regular-400.woff","type":"css","order":11,"external":false},{"id":"13246a42-093c-4f05-b85a-c96e00373301","name":"fa-regular-400.ttf","type":"css","order":10,"external":false},{"id":"c6604377-0cdd-4d85-a185-b1a06396c927","name":"fa-solid-900.ttf","type":"css","order":14,"external":false}],"inactiveAssets":[],"variables":{"taskId":{"type":"urlparameter","value":["taskId"],"exposed":false},"uid":{"type":"constant","value":[""],"exposed":false},"title":{"type":"constant","value":[""],"exposed":false},"successResponse":{"type":"json","value":["{}"],"exposed":false},"failResponse":{"type":"json","value":["{}"],"exposed":false},"successResponseHandler":{"type":"expression","value":["let urlParams = new URLSearchParams(document.location.search);","let langcode = urlParams.get(\"locale\");","","let message = \"The task was successfully delegated\";","if (langcode == \"fr\") {","    message = \"La tâche a été déléguée avec succès\";","} else if (langcode == \"nl\") {","    message = \"De taak werd met succes gedelegeerd\";","}","","if (Object.keys($data.successResponse).length > 0) {","    window.parent.Gofast.toast(message, 'success');","    window.parent.$(\"#refresh-lightdashboard-document\").click();","    $data.successResponse = {};","    window.parent.Drupal.CTools.Modal.dismiss();","}"],"exposed":false},"failResponseHandler":{"type":"expression","value":["let urlParams = new URLSearchParams(document.location.search);","let langcode = urlParams.get(\"locale\");","","let message = \"A problem occurred when delegating the task\";","if (langcode == \"fr\") {","    message = \"Un problème s'est produit lors de la délégation de la tâche\";","} else if (langcode == \"nl\") {","    message = \"Er is een probleem opgetreden bij het delegeren van de taak\";","}","","if (Object.keys($data.failResponse).length > 0) {","    window.parent.Gofast.toast(message, 'error');","    $data.failResponse = {};","}"],"exposed":false},"caseId":{"type":"urlparameter","value":["caseId"],"exposed":false},"listNids":{"type":"url","value":["../API/bpm/caseVariable/{{caseId}}/list_nids"],"advancedOptions":{},"exposed":false},"stringNids":{"type":"expression","value":["if (!$data.listNids){","    return \"\";","}","","const nids = JSON.parse($data.listNids.value);","let stringNids = \"\";","","for (const nid of nids) {","    stringNids += nid + \";\";","}","","return stringNids;"],"exposed":false},"hasAccess":{"type":"url","value":["../../../../../../../workflow/api/validate/access_document/?type_file_param=node&reference={{stringNids}}&uid={{uid}}"],"advancedOptions":{"headers":"","statusCode":"","failedResponseValue":""},"exposed":false},"hasAssignee":{"type":"url","value":["../../../../../../../bonita/API/bpm/activityVariable/{{taskId}}/assignee"],"advancedOptions":{"headers":"","statusCode":"","failedResponseValue":""},"exposed":false},"hasAssigneeString":{"type":"expression","value":["if ($data.hasAssignee) {","    return \"0\";","}","","let urlParams = new URLSearchParams(document.location.search);","let langcode = urlParams.get(\"locale\");","","let message = \"This task is too old to be reassignable\";","if (langcode == \"fr\") {","    message = \"Cette tâche est trop ancienne pour être réassignable\";","} else if (langcode == \"nl\") {","    message = \"Deze taak is te oud om opnieuw te kunnen worden toegewezen\";","}","","return message;"],"exposed":false}},"hasValidationError":false,"uuid":"a30aea87-6e96-46a4-b650-a5b60d15b2b7","type":"page","description":"Page generated with Bonita UI designer"}