{"modelVersion":"2.2","previousArtifactVersion":"1.7.69","id":"standardInit","name":"standardInit","lastUpdate":1712844312108,"rows":[[{"type":"formContainer","dimension":{"xs":12},"propertyValues":{"cssClasses":{"type":"constant","value":""},"hidden":{"type":"expression","value":"disableAutoComplete"}},"reference":"9ce4602b-827d-4f7b-bae1-70785f176b94","hasValidationError":false,"id":"pbFormContainer","container":{"type":"container","dimension":{"xs":12},"propertyValues":{},"reference":"ce6a02d2-5735-4c1a-8ce0-98abf0a1ee9f","hasValidationError":false,"id":"pbContainer","rows":[[{"type":"container","dimension":{"xs":12},"propertyValues":{"cssClasses":{"type":"constant","value":"thumbnail"},"hidden":{"type":"constant","value":false},"repeatedCollection":{"type":"variable","value":""}},"reference":"9bcbd250-06b1-45ad-9583-94d205d4bf8c","hasValidationError":false,"id":"pbContainer","rows":[[{"type":"component","dimension":{"xs":6},"propertyValues":{"cssClasses":{"type":"constant","value":""},"widgetId":{"type":"constant","value":"pbInput"},"isDisplayed":{"type":"constant","value":true},"labelWidth":{"type":"constant","value":1},"label":{"type":"interpolation","value":"{{\"label.processTitle\" | gfTranslate}}"},"type":{"type":"constant","value":"text"},"required":{"type":"constant","value":true},"labelHidden":{"type":"constant","value":false},"readonly":{"type":"constant","value":false},"labelPosition":{"type":"constant","value":"top"},"placeholder":{"type":"interpolation"},"alignment":{"type":"constant","value":"left"},"class":{"type":"constant","value":"org.bonitasoft.web.designer.experimental.parametrizedWidget.InputWidget"},"dimension":{"type":"constant","value":12},"value":{"type":"variable","value":"formInput.processInitInput.title"},"hidden":{"type":"constant","value":false},"minLength":{"type":"constant","value":""},"maxLength":{"type":"constant","value":""},"readOnly":{"type":"constant","value":false},"min":{"type":"constant"},"max":{"type":"constant"},"step":{"type":"constant","value":1}},"reference":"35211dd3-3d3f-47a4-a61a-b6ed6787fd52","hasValidationError":false,"id":"pbInput"},{"type":"component","dimension":{"xs":6},"propertyValues":{"dateFormat":{"type":"constant","value":"dd/MM/yyyy"},"cssClasses":{"type":"constant","value":""},"widgetId":{"type":"constant","value":"pbDatePicker"},"isDisplayed":{"type":"constant","value":true},"labelWidth":{"type":"constant","value":1},"label":{"type":"interpolation","value":"{{\"label.deadline\" | gfTranslate}}"},"type":{"type":"constant"},"required":{"type":"constant","value":true},"todayLabel":{"type":"constant","value":""},"labelHidden":{"type":"constant","value":false},"readonly":{"type":"constant","value":false},"showToday":{"type":"constant","value":true},"labelPosition":{"type":"constant","value":"top"},"placeholder":{"type":"interpolation","value":""},"alignment":{"type":"constant","value":"left"},"class":{"type":"constant","value":"org.bonitasoft.web.designer.experimental.parametrizedWidget.DatePickerWidget"},"dimension":{"type":"constant","value":12},"value":{"type":"variable","value":"formInput.processInitInput.deadline"},"hidden":{"type":"constant","value":false},"readOnly":{"type":"constant","value":false}},"reference":"f761a339-26e5-4126-9a8d-ce3c83e09533","hasValidationError":false,"id":"pbDatePicker"}],[{"type":"component","dimension":{"xs":12},"propertyValues":{"cssClasses":{"type":"constant","value":""},"hidden":{"type":"constant","value":false},"readOnly":{"type":"constant","value":false},"required":{"type":"constant","value":false},"minLength":{"type":"constant","value":""},"maxLength":{"type":"constant","value":""},"labelHidden":{"type":"constant","value":false},"label":{"type":"interpolation","value":"{{\"label.comment\" | gfTranslate}}"},"labelPosition":{"type":"constant","value":"top"},"labelWidth":{"type":"constant","value":4},"value":{"type":"variable","value":"formInput.processInitInput.comment"}},"reference":"584732ac-9c14-486c-89c8-753095c2d4cd","hasValidationError":false,"id":"pbTextarea"}],[{"type":"component","dimension":{"xs":12},"propertyValues":{"cssClasses":{"type":"constant","value":""},"hidden":{"type":"constant","value":false},"allowHTML":{"type":"constant","value":true},"text":{"type":"interpolation","value":"<hr />"},"alignment":{"type":"constant","value":"left"},"labelHidden":{"type":"constant","value":true},"label":{"type":"interpolation","value":""},"labelPosition":{"type":"constant","value":"top"},"labelWidth":{"type":"constant","value":4}},"reference":"cbd09e44-e77b-41c3-b33f-831512f520a1","hasValidationError":false,"id":"pbText"}],[{"type":"container","dimension":{"xs":2},"propertyValues":{"cssClasses":{"type":"constant","value":""},"hidden":{"type":"constant","value":false},"repeatedCollection":{"type":"variable","value":""}},"reference":"4231d87c-053c-4e55-91cd-43a55cf11e76","hasValidationError":false,"id":"pbContainer","rows":[[{"type":"component","dimension":{"xs":9},"propertyValues":{"labelHidden":{"type":"constant","value":false},"readonly":{"type":"constant","value":false},"level":{"type":"constant","value":"Level 4"},"cssClasses":{"type":"constant","value":"gofastTitleAsLabel"},"widgetId":{"type":"constant","value":"pbTitle"},"isDisplayed":{"type":"constant","value":true},"label":{"type":"interpolation"},"text":{"type":"interpolation","value":"{{\"header.documents\" | gfTranslate}}"},"alignment":{"type":"constant","value":"left"},"class":{"type":"constant","value":"org.bonitasoft.web.designer.experimental.parametrizedWidget.TitleWidget"},"dimension":{"type":"constant","value":12},"hidden":{"type":"constant","value":false}},"reference":"3e1d337f-c17e-438b-948b-c993a8eb326c","hasValidationError":false,"id":"pbTitle"},{"type":"component","dimension":{"xs":3},"propertyValues":{"removeItem":{"type":"variable"},"cssClasses":{"type":"constant","value":""},"widgetId":{"type":"constant","value":"pbButton"},"buttonStyle":{"type":"constant","value":"success"},"isDisplayed":{"type":"constant","value":true},"label":{"type":"interpolation","value":"+"},"dataToSend":{"type":"expression"},"labelHidden":{"type":"constant","value":false},"readonly":{"type":"constant","value":false},"collectionPosition":{"type":"constant"},"targetUrlOnSuccess":{"type":"interpolation"},"action":{"type":"constant","value":"Add to collection"},"collectionToModify":{"type":"variable","value":"collectionDocuments"},"valueToAdd":{"type":"expression","value":""},"disabled":{"type":"constant","value":false},"alignment":{"type":"constant","value":"left"},"class":{"type":"constant","value":"org.bonitasoft.web.designer.experimental.parametrizedWidget.ButtonWidget"},"dimension":{"type":"constant","value":12},"hidden":{"type":"constant","value":false},"url":{"type":"interpolation"},"dataFromSuccess":{"type":"variable"},"dataFromError":{"type":"variable"},"assign":{"type":"constant","value":false},"responseStatusCode":{"type":"variable"},"closeOnSuccess":{"type":"constant","value":false},"modalId":{"type":"constant","value":""}},"reference":"f382e169-ffe3-4644-83ce-98785f462ab2","hasValidationError":false,"id":"pbButton"}],[{"type":"container","dimension":{"xs":12},"propertyValues":{"cssClasses":{"type":"constant","value":""},"hidden":{"type":"constant","value":false},"repeatedCollection":{"type":"variable","value":"collectionDocuments"}},"reference":"6b82628c-a09d-4f87-ad9d-22e0137b0f98","hasValidationError":false,"id":"pbContainer","rows":[[{"type":"component","dimension":{"xs":12},"propertyValues":{"cssClasses":{"type":"constant","value":""},"hidden":{"type":"constant","value":false},"allowHTML":{"type":"constant","value":true},"text":{"type":"interpolation","value":""},"alignment":{"type":"constant","value":"left"},"labelHidden":{"type":"constant","value":true},"label":{"type":"interpolation","value":""},"labelPosition":{"type":"constant","value":"top"},"labelWidth":{"type":"constant","value":4}},"reference":"0f707128-b3c6-4e8d-ae89-a53467f8d485","hasValidationError":false,"id":"pbText"}],[{"type":"component","dimension":{"xs":12},"propertyValues":{"cssClasses":{"type":"constant","value":""},"hidden":{"type":"constant","value":false},"allowHTML":{"type":"constant","value":true},"text":{"type":"interpolation","value":""},"alignment":{"type":"constant","value":"left"},"labelHidden":{"type":"constant","value":true},"label":{"type":"interpolation","value":""},"labelPosition":{"type":"constant","value":"top"},"labelWidth":{"type":"constant","value":4}},"reference":"7d6c6259-22b0-4aae-8d3b-ec14df170a51","hasValidationError":false,"id":"pbText"}]]}]]},{"type":"container","dimension":{"xs":10},"propertyValues":{"repeatedCollection":{"type":"variable","value":"collectionDocuments"},"labelHidden":{"type":"constant","value":false},"readonly":{"type":"constant","value":false},"cssClasses":{"type":"constant","value":""},"widgetId":{"type":"constant"},"isDisplayed":{"type":"constant","value":true},"label":{"type":"interpolation"},"alignment":{"type":"constant","value":"left"},"class":{"type":"constant","value":"org.bonitasoft.web.designer.experimental.parametrizedWidget.WidgetContainer"},"dimension":{"type":"constant","value":12},"hidden":{"type":"constant","value":false}},"reference":"a437f04a-5d2e-45b7-b278-ba48f2b6d096","hasValidationError":false,"id":"pbContainer","rows":[[{"type":"component","dimension":{"xs":8,"md":8,"lg":8},"propertyValues":{"cssClasses":{"type":"constant","value":""},"hidden":{"type":"constant","value":false},"readOnly":{"type":"expression","value":"array_nids.includes($item.nid + \"`\" + $item.title);"},"labelHidden":{"type":"constant","value":true},"label":{"type":"interpolation","value":""},"labelPosition":{"type":"constant","value":"left"},"labelWidth":{"type":"constant"},"placeholder":{"type":"interpolation","value":"{{\"placeholder.documents\" | gfTranslate}}"},"value":{"type":"variable","value":"$item.nid"},"type":{"type":"constant","value":"node"},"bundles":{"type":"constant","value":"alfresco_item"},"currentTitle":{"type":"variable","value":"$item.title"}},"reference":"76981757-fb4c-4f8f-b044-5e51ea4fdc8b","hasValidationError":false,"id":"customGofastAutocomplete"},{"type":"component","dimension":{"xs":3,"md":3,"lg":3},"propertyValues":{"cssClasses":{"type":"constant","value":""},"hidden":{"type":"constant","value":false},"disabled":{"type":"expression","value":"$index > 0"},"required":{"type":"constant","value":true},"labelHidden":{"type":"constant","value":true},"label":{"type":"interpolation","value":"Transform"},"labelPosition":{"type":"constant","value":"top"},"labelWidth":{"type":"constant","value":4},"placeholder":{"type":"interpolation","value":""},"availableValues":{"type":"expression","value":"transformationSelectValues"},"displayedKey":{"type":"constant","value":"display"},"returnedKey":{"type":"constant","value":"value"},"value":{"type":"variable","value":"transformationSelectValuesSelected"}},"reference":"28413a34-c775-44ba-a8c0-10e1ff204087","hasValidationError":false,"id":"pbSelect"},{"type":"component","dimension":{"xs":1,"md":1,"lg":1},"propertyValues":{"removeItem":{"type":"variable","value":"$item"},"cssClasses":{"type":"constant","value":"button-trash-margin"},"widgetId":{"type":"constant","value":"pbButton"},"buttonStyle":{"type":"constant","value":"danger"},"isDisplayed":{"type":"constant","value":true},"label":{"type":"interpolation","value":"<i class=\"fa fa-trash\"></i>"},"dataToSend":{"type":"expression"},"labelHidden":{"type":"constant","value":false},"readonly":{"type":"constant","value":false},"collectionPosition":{"type":"constant","value":"Item"},"targetUrlOnSuccess":{"type":"interpolation"},"action":{"type":"constant","value":"Remove from collection"},"collectionToModify":{"type":"variable","value":"$collection"},"valueToAdd":{"type":"expression"},"disabled":{"type":"constant","value":false},"alignment":{"type":"constant","value":"right"},"class":{"type":"constant","value":"org.bonitasoft.web.designer.experimental.parametrizedWidget.ButtonWidget"},"dimension":{"type":"constant","value":12},"hidden":{"type":"constant","value":false},"url":{"type":"interpolation"},"dataFromSuccess":{"type":"variable"},"dataFromError":{"type":"variable"},"assign":{"type":"constant","value":false},"responseStatusCode":{"type":"variable"},"closeOnSuccess":{"type":"constant","value":false},"modalId":{"type":"constant","value":""}},"reference":"96ca20f5-4e32-4eac-ad48-0e30fefe03c4","hasValidationError":false,"id":"pbButton"}]]}],[{"type":"component","dimension":{"xs":12},"propertyValues":{"cssClasses":{"type":"constant","value":""},"hidden":{"type":"constant","value":false},"allowHTML":{"type":"constant","value":true},"text":{"type":"interpolation","value":"<hr />"},"alignment":{"type":"constant","value":"left"},"labelHidden":{"type":"constant","value":true},"label":{"type":"interpolation","value":""},"labelPosition":{"type":"constant","value":"top"},"labelWidth":{"type":"constant","value":4}},"reference":"14534e03-ff92-4d31-a170-fb078182b949","hasValidationError":false,"id":"pbText"}],[{"type":"container","dimension":{"xs":12},"propertyValues":{"cssClasses":{"type":"constant","value":""},"hidden":{"type":"constant","value":false},"repeatedCollection":{"type":"variable","value":""}},"reference":"3b094e61-f62e-4a7d-ac90-312237699a41","hasValidationError":false,"id":"pbContainer","rows":[[{"type":"container","dimension":{"xs":2},"propertyValues":{"cssClasses":{"type":"constant","value":""},"hidden":{"type":"constant","value":false},"repeatedCollection":{"type":"variable","value":""}},"reference":"004420cb-9f71-4bbe-8dfd-8ea5887fce74","hasValidationError":false,"id":"pbContainer","rows":[[{"type":"component","dimension":{"xs":9},"propertyValues":{"labelHidden":{"type":"constant","value":false},"readonly":{"type":"constant","value":false},"level":{"type":"constant","value":"Level 4"},"cssClasses":{"type":"constant","value":"gofastTitleAsLabel"},"widgetId":{"type":"constant","value":"pbTitle"},"isDisplayed":{"type":"constant","value":true},"label":{"type":"interpolation"},"text":{"type":"interpolation","value":"{{\"header.work_task\" | gfTranslate}}"},"alignment":{"type":"constant","value":"left"},"class":{"type":"constant","value":"org.bonitasoft.web.designer.experimental.parametrizedWidget.TitleWidget"},"dimension":{"type":"constant","value":12},"hidden":{"type":"constant","value":false}},"reference":"f6d7a4a4-f52f-44ea-95cb-c5988bbc2455","hasValidationError":false,"id":"pbTitle"},{"type":"component","dimension":{"xs":3},"propertyValues":{"removeItem":{"type":"variable"},"cssClasses":{"type":"constant","value":""},"widgetId":{"type":"constant","value":"pbButton"},"buttonStyle":{"type":"constant","value":"success"},"isDisplayed":{"type":"constant","value":true},"label":{"type":"interpolation","value":"+"},"dataToSend":{"type":"expression"},"labelHidden":{"type":"constant","value":false},"readonly":{"type":"constant","value":false},"collectionPosition":{"type":"constant"},"targetUrlOnSuccess":{"type":"interpolation"},"action":{"type":"constant","value":"Add to collection"},"collectionToModify":{"type":"variable","value":"collectionAttributions"},"valueToAdd":{"type":"expression","value":""},"disabled":{"type":"constant","value":false},"alignment":{"type":"constant","value":"left"},"class":{"type":"constant","value":"org.bonitasoft.web.designer.experimental.parametrizedWidget.ButtonWidget"},"dimension":{"type":"constant","value":12},"hidden":{"type":"constant","value":false},"url":{"type":"interpolation"},"dataFromSuccess":{"type":"variable"},"dataFromError":{"type":"variable"},"assign":{"type":"constant","value":false},"responseStatusCode":{"type":"variable"},"closeOnSuccess":{"type":"constant","value":false},"modalId":{"type":"constant","value":""}},"reference":"4d5060ba-8b6f-45c8-ab5e-62fba7a7d303","hasValidationError":false,"id":"pbButton"}],[{"type":"container","dimension":{"xs":12},"propertyValues":{"cssClasses":{"type":"constant","value":""},"hidden":{"type":"constant","value":false},"repeatedCollection":{"type":"variable","value":"collectionAttributions"}},"reference":"c228ea49-e09e-4af6-bdfd-9dbc9e25a8fb","hasValidationError":false,"id":"pbContainer","rows":[[{"type":"component","dimension":{"xs":12},"propertyValues":{"cssClasses":{"type":"constant","value":""},"hidden":{"type":"constant","value":false},"allowHTML":{"type":"constant","value":true},"text":{"type":"interpolation","value":""},"alignment":{"type":"constant","value":"left"},"labelHidden":{"type":"constant","value":true},"label":{"type":"interpolation","value":""},"labelPosition":{"type":"constant","value":"top"},"labelWidth":{"type":"constant","value":4}},"reference":"85a918b3-354c-4ba8-9bce-25676f248c33","hasValidationError":false,"id":"pbText"}],[{"type":"component","dimension":{"xs":12},"propertyValues":{"cssClasses":{"type":"constant","value":""},"hidden":{"type":"constant","value":false},"allowHTML":{"type":"constant","value":true},"text":{"type":"interpolation","value":""},"alignment":{"type":"constant","value":"left"},"labelHidden":{"type":"constant","value":true},"label":{"type":"interpolation","value":""},"labelPosition":{"type":"constant","value":"top"},"labelWidth":{"type":"constant","value":4}},"reference":"002fe2f8-3753-4ce1-91ba-9943415e5737","hasValidationError":false,"id":"pbText"}]]}]]},{"type":"container","dimension":{"xs":10},"propertyValues":{"repeatedCollection":{"type":"variable","value":"collectionAttributions"},"labelHidden":{"type":"constant","value":false},"readonly":{"type":"constant","value":false},"cssClasses":{"type":"constant","value":""},"widgetId":{"type":"constant"},"isDisplayed":{"type":"constant","value":true},"label":{"type":"interpolation"},"alignment":{"type":"constant","value":"left"},"class":{"type":"constant","value":"org.bonitasoft.web.designer.experimental.parametrizedWidget.WidgetContainer"},"dimension":{"type":"constant","value":12},"hidden":{"type":"constant","value":false}},"reference":"8135e982-b693-4831-8043-90a848da5626","hasValidationError":false,"id":"pbContainer","rows":[[{"type":"component","dimension":{"xs":4,"md":4,"lg":4},"propertyValues":{"cssClasses":{"type":"constant","value":""},"hidden":{"type":"constant","value":false},"readOnly":{"type":"constant","value":false},"labelHidden":{"type":"constant","value":true},"label":{"type":"interpolation","value":""},"labelPosition":{"type":"constant","value":"left"},"labelWidth":{"type":"constant"},"placeholder":{"type":"interpolation","value":"{{\"placeholder.attributions\" | gfTranslate}}"},"value":{"type":"variable","value":"$item.uid"},"type":{"type":"constant","value":"user"},"bundles":{"type":"constant","value":"user,userlist"},"currentTitle":{"type":"variable","value":"$item.title"}},"reference":"f82574c7-5e18-4b20-8b39-ddd0a78f5207","hasValidationError":false,"id":"customGofastAutocomplete"},{"type":"component","dimension":{"xs":4,"sm":4,"md":4,"lg":4},"propertyValues":{"cssClasses":{"type":"constant","value":""},"hidden":{"type":"constant","value":false},"readOnly":{"type":"constant","value":false},"required":{"type":"constant","value":false},"labelHidden":{"type":"constant","value":true},"label":{"type":"interpolation","value":"Date"},"labelPosition":{"type":"constant","value":"top"},"labelWidth":{"type":"constant","value":4},"value":{"type":"variable","value":"$item.end_date"},"dateFormat":{"type":"constant","value":"dd/MM/yyyy"},"placeholder":{"type":"interpolation","value":"{{\"placeholder.task_end_date\" | gfTranslate}}"},"showToday":{"type":"constant","value":false},"todayLabel":{"type":"interpolation","value":"Today"},"index":{"type":"expression","value":"$index"},"collection":{"type":"variable","value":"collectionAttributions"},"isSequential":{"type":"constant","value":false}},"reference":"65484f13-45c5-4393-8af8-5059aff70918","hasValidationError":false,"id":"customGofastDatePicker"},{"type":"component","dimension":{"xs":3,"md":3,"lg":3},"propertyValues":{"cssClasses":{"type":"constant","value":""},"hidden":{"type":"constant","value":false},"disabled":{"type":"constant","value":false},"required":{"type":"constant","value":true},"labelHidden":{"type":"constant","value":true},"label":{"type":"interpolation","value":""},"labelPosition":{"type":"constant","value":"left"},"labelWidth":{"type":"constant"},"placeholder":{"type":"interpolation","value":"{{\"placeholder.list.attributions\" | gfTranslate}}"},"availableValues":{"type":"expression","value":"assignationTypes"},"displayedKey":{"type":"constant","value":"display"},"returnedKey":{"type":"constant","value":"value"},"value":{"type":"variable","value":"$item.type"}},"reference":"15a93011-c012-4633-b618-c00f524562c0","hasValidationError":false,"id":"pbSelect"},{"type":"component","dimension":{"xs":1,"md":1,"lg":1},"propertyValues":{"removeItem":{"type":"variable","value":"$item"},"cssClasses":{"type":"constant","value":"button-trash-margin"},"widgetId":{"type":"constant","value":"pbButton"},"buttonStyle":{"type":"constant","value":"danger"},"isDisplayed":{"type":"constant","value":true},"label":{"type":"interpolation","value":"<i class=\"fa fa-trash\"></i>"},"dataToSend":{"type":"expression"},"labelHidden":{"type":"constant","value":false},"readonly":{"type":"constant","value":false},"collectionPosition":{"type":"constant","value":"Item"},"targetUrlOnSuccess":{"type":"interpolation"},"action":{"type":"constant","value":"Remove from collection"},"collectionToModify":{"type":"variable","value":"$collection"},"valueToAdd":{"type":"expression"},"disabled":{"type":"constant","value":false},"alignment":{"type":"constant","value":"right"},"class":{"type":"constant","value":"org.bonitasoft.web.designer.experimental.parametrizedWidget.ButtonWidget"},"dimension":{"type":"constant","value":12},"hidden":{"type":"constant","value":false},"url":{"type":"interpolation"},"dataFromSuccess":{"type":"variable"},"dataFromError":{"type":"variable"},"assign":{"type":"constant","value":false},"responseStatusCode":{"type":"variable"},"closeOnSuccess":{"type":"constant","value":false},"modalId":{"type":"constant","value":""}},"reference":"e68ab458-d58b-4a44-af20-b7299e18c0d2","hasValidationError":false,"id":"pbButton"}]]}]]}],[],[{"type":"container","dimension":{"xs":12},"propertyValues":{"cssClasses":{"type":"constant","value":""},"hidden":{"type":"constant","value":false},"repeatedCollection":{"type":"variable","value":""}},"reference":"66e4e43c-4656-43cb-8cb7-ac1381d9b7a6","hasValidationError":false,"id":"pbContainer","rows":[[{"type":"container","dimension":{"xs":2},"propertyValues":{"cssClasses":{"type":"constant","value":""},"hidden":{"type":"constant","value":false},"repeatedCollection":{"type":"variable","value":""}},"reference":"e2b27789-c143-477a-aa70-ada885035796","hasValidationError":false,"id":"pbContainer","rows":[[{"type":"component","dimension":{"xs":9},"propertyValues":{"cssClasses":{"type":"constant","value":"gofastTitleAsLabel"},"hidden":{"type":"constant","value":false},"text":{"type":"interpolation","value":"{{\"header.validation_task\" | gfTranslate}}"},"level":{"type":"constant","value":"Level 4"},"alignment":{"type":"constant","value":"left"}},"reference":"913b6118-5251-49cf-a582-7ffec1fb547e","hasValidationError":false,"id":"pbTitle"},{"type":"component","dimension":{"xs":3},"propertyValues":{"cssClasses":{"type":"constant","value":""},"hidden":{"type":"constant","value":false},"disabled":{"type":"constant","value":false},"label":{"type":"interpolation","value":"+"},"alignment":{"type":"constant","value":"left"},"buttonStyle":{"type":"constant","value":"success"},"action":{"type":"constant","value":"Add to collection"},"url":{"type":"interpolation"},"dataToSend":{"type":"constant"},"dataFromSuccess":{"type":"variable","value":""},"dataFromError":{"type":"variable","value":""},"targetUrlOnSuccess":{"type":"interpolation"},"collectionToModify":{"type":"variable","value":"collectionAttributionsValidation"},"collectionPosition":{"type":"constant","value":"Last"},"valueToAdd":{"type":"constant"},"removeItem":{"type":"variable"},"assign":{"type":"constant","value":false},"responseStatusCode":{"type":"variable"},"closeOnSuccess":{"type":"constant","value":false},"modalId":{"type":"constant","value":""}},"reference":"acf2c94d-c03e-424d-b2fd-cc5b7d7669f3","hasValidationError":false,"id":"pbButton"}]]},{"type":"component","dimension":{"xs":3},"propertyValues":{"cssClasses":{"type":"constant","value":""},"hidden":{"type":"constant","value":false},"disabled":{"type":"constant","value":false},"required":{"type":"constant","value":false},"label":{"type":"interpolation","value":"{{\"label.isSequentialValidation\" | gfTranslate}}"},"value":{"type":"variable","value":"formInput.processInitInput.is_validation_ordered"}},"reference":"cc3cc01d-6e1a-4be0-9b73-1c9276a8c641","hasValidationError":false,"id":"pbCheckbox"},{"type":"component","dimension":{"xs":3},"propertyValues":{"cssClasses":{"type":"constant","value":"span_help yousign_warning"},"hidden":{"type":"expression","value":"!formInput.processInitInput.is_validation_ordered"},"allowHTML":{"type":"constant","value":true},"text":{"type":"interpolation","value":"<i class=\"glyphicon glyphicon-question-sign tooltip-icon\"></i><span> {{\"placeholder.sequential\" | gfTranslate}}</span>"},"alignment":{"type":"constant","value":"left"},"labelHidden":{"type":"constant","value":true},"label":{"type":"interpolation","value":""},"labelPosition":{"type":"constant","value":"top"},"labelWidth":{"type":"constant","value":4}},"reference":"7b5f5a20-e614-4783-b0a5-66c8efdd7dce","hasValidationError":false,"id":"pbText"},{"type":"component","dimension":{"xs":4},"propertyValues":{"cssClasses":{"type":"constant","value":"span_help yousign_warning"},"hidden":{"type":"expression","value":"formInput.processInitInput.is_validation_ordered"},"allowHTML":{"type":"constant","value":true},"text":{"type":"interpolation","value":"<i class=\"glyphicon glyphicon-question-sign tooltip-icon\"></i><span> {{\"placeholder.parallel\" | gfTranslate}}</span>"},"alignment":{"type":"constant","value":"left"},"labelHidden":{"type":"constant","value":true},"label":{"type":"interpolation","value":""},"labelPosition":{"type":"constant","value":"top"},"labelWidth":{"type":"constant","value":4}},"reference":"9a0494f8-a576-462b-9a1a-7c68e3419247","hasValidationError":false,"id":"pbText"}],[{"type":"container","dimension":{"xs":12},"propertyValues":{"cssClasses":{"type":"constant","value":""},"hidden":{"type":"constant","value":false},"repeatedCollection":{"type":"variable","value":"collectionAttributionsValidation"}},"reference":"550f798a-c4eb-43de-98d3-72874ce1734b","hasValidationError":false,"id":"pbContainer","rows":[[{"type":"container","dimension":{"xs":2},"propertyValues":{"cssClasses":{"type":"constant","value":""},"hidden":{"type":"constant","value":false},"repeatedCollection":{"type":"variable","value":""}},"reference":"161b9c10-c1e2-44a6-9a3f-04887d1129a8","hasValidationError":false,"id":"pbContainer","rows":[[]]},{"type":"container","dimension":{"xs":10},"propertyValues":{"cssClasses":{"type":"constant","value":""},"hidden":{"type":"constant","value":false},"repeatedCollection":{"type":"variable","value":""}},"reference":"aaf48591-29cf-4192-9aca-e0a8db33e74d","hasValidationError":false,"id":"pbContainer","rows":[[{"type":"component","dimension":{"xs":4,"md":4,"lg":4,"sm":4},"propertyValues":{"cssClasses":{"type":"constant","value":""},"hidden":{"type":"constant","value":false},"readOnly":{"type":"constant","value":false},"labelHidden":{"type":"constant","value":true},"label":{"type":"interpolation","value":"Default name"},"labelPosition":{"type":"constant","value":"top"},"labelWidth":{"type":"constant","value":4},"placeholder":{"type":"interpolation","value":"{{\"placeholder.attributions\" | gfTranslate}}"},"value":{"type":"variable","value":"$item.uid"},"type":{"type":"constant","value":"user"},"bundles":{"type":"constant","value":"user,userlist"},"currentTitle":{"type":"variable","value":"$item.title"}},"reference":"2cec63f0-483e-41b9-ab44-e9dad3161093","hasValidationError":false,"id":"customGofastAutocomplete"},{"type":"component","dimension":{"xs":4,"sm":4,"md":4,"lg":4},"propertyValues":{"cssClasses":{"type":"constant","value":""},"hidden":{"type":"constant","value":false},"readOnly":{"type":"constant","value":false},"required":{"type":"constant","value":false},"labelHidden":{"type":"constant","value":true},"label":{"type":"interpolation","value":"Date"},"labelPosition":{"type":"constant","value":"top"},"labelWidth":{"type":"constant","value":4},"value":{"type":"variable","value":"$item.end_date"},"dateFormat":{"type":"constant","value":"dd/MM/yyyy"},"placeholder":{"type":"interpolation","value":"{{\"placeholder.task_end_date\" | gfTranslate}}"},"showToday":{"type":"constant","value":false},"todayLabel":{"type":"interpolation","value":"Today"},"index":{"type":"expression","value":"$index"},"collection":{"type":"variable","value":"collectionAttributionsValidation"},"isSequential":{"type":"expression","value":"formInput.processInitInput.is_validation_ordered"}},"reference":"67b347f8-7013-4b85-86a5-578c3d64169a","hasValidationError":false,"id":"customGofastDatePicker"},{"type":"component","dimension":{"xs":3,"md":3,"lg":3},"propertyValues":{"cssClasses":{"type":"constant","value":""},"hidden":{"type":"constant","value":false},"disabled":{"type":"constant","value":false},"required":{"type":"constant","value":false},"labelHidden":{"type":"constant","value":true},"label":{"type":"interpolation","value":"Select"},"labelPosition":{"type":"constant","value":"top"},"labelWidth":{"type":"constant","value":4},"placeholder":{"type":"interpolation","value":"{{\"placeholder.list.attributions\" | gfTranslate}}"},"availableValues":{"type":"expression","value":"assignationTypesValidation"},"displayedKey":{"type":"constant","value":"display"},"returnedKey":{"type":"constant","value":"value"},"value":{"type":"variable","value":"$item.type"}},"reference":"271db8af-2dc7-49a1-a699-a53ec4e57d22","hasValidationError":false,"id":"pbSelect"},{"type":"component","dimension":{"xs":1,"md":1,"lg":1},"propertyValues":{"cssClasses":{"type":"constant","value":"button-trash-margin"},"hidden":{"type":"constant","value":false},"disabled":{"type":"constant","value":false},"label":{"type":"interpolation","value":"<i class=\"fa fa-trash\"></i>"},"alignment":{"type":"constant","value":"right"},"buttonStyle":{"type":"constant","value":"danger"},"action":{"type":"constant","value":"Remove from collection"},"url":{"type":"interpolation"},"dataToSend":{"type":"constant"},"dataFromSuccess":{"type":"variable","value":""},"dataFromError":{"type":"variable","value":""},"targetUrlOnSuccess":{"type":"interpolation"},"collectionToModify":{"type":"variable","value":"$collection"},"collectionPosition":{"type":"constant","value":"Item"},"valueToAdd":{"type":"constant"},"removeItem":{"type":"variable","value":"$item"},"assign":{"type":"constant","value":false},"responseStatusCode":{"type":"variable"},"closeOnSuccess":{"type":"constant","value":false},"modalId":{"type":"constant","value":""}},"reference":"91667bf0-46e2-4017-9dc1-f7581d1fce7b","hasValidationError":false,"id":"pbButton"}]]}],[{"type":"component","dimension":{"xs":12},"propertyValues":{"cssClasses":{"type":"constant","value":""},"hidden":{"type":"expression","value":"$item.type !== \"custom\""},"allowHTML":{"type":"constant","value":true},"text":{"type":"interpolation","value":"<br><strong>{{\"label.customStepTitle\" | gfTranslate}}</strong>"},"alignment":{"type":"constant","value":"left"},"labelHidden":{"type":"constant","value":true},"label":{"type":"interpolation","value":""},"labelPosition":{"type":"constant","value":"top"},"labelWidth":{"type":"constant","value":4}},"reference":"b759e04a-9dd8-4a7a-b15d-288a008f0d97","hasValidationError":false,"id":"pbText"}],[{"type":"component","dimension":{"xs":3},"propertyValues":{"cssClasses":{"type":"constant","value":"gofast-for"},"hidden":{"type":"expression","value":"$item.type !== \"custom\""},"allowHTML":{"type":"constant","value":true},"text":{"type":"interpolation","value":"{{\"label.for\" | gfTranslate}}"},"alignment":{"type":"constant","value":"right"},"labelHidden":{"type":"constant","value":true},"label":{"type":"interpolation","value":""},"labelPosition":{"type":"constant","value":"top"},"labelWidth":{"type":"constant","value":4}},"reference":"1bf57d1a-62fa-4a0e-9493-6e363f0079df","hasValidationError":false,"id":"pbText"},{"type":"component","dimension":{"xs":3},"propertyValues":{"cssClasses":{"type":"constant","value":""},"hidden":{"type":"expression","value":"$item.type !== \"custom\""},"required":{"type":"constant","value":false},"minLength":{"type":"constant","value":""},"maxLength":{"type":"constant","value":""},"readOnly":{"type":"constant","value":false},"labelHidden":{"type":"constant","value":true},"label":{"type":"interpolation","value":"{{\"label.customStepTitle\" | gfTranslate}}"},"labelPosition":{"type":"constant","value":"top"},"labelWidth":{"type":"constant","value":4},"placeholder":{"type":"interpolation","value":"{{\"placeholder.customStep\" | gfTranslate}}"},"value":{"type":"variable","value":"$item.customStep"},"type":{"type":"constant","value":"text"},"min":{"type":"constant"},"max":{"type":"constant"},"step":{"type":"constant","value":1}},"reference":"b55f6d43-9104-4bb4-b15d-9092e0f514cd","hasValidationError":false,"id":"pbInput"},{"type":"component","dimension":{"xs":3},"propertyValues":{"cssClasses":{"type":"constant","value":""},"hidden":{"type":"expression","value":"$item.type !== \"custom\""},"disabled":{"type":"constant","value":false},"required":{"type":"constant","value":false},"labelHidden":{"type":"constant","value":false},"label":{"type":"interpolation","value":"{{\"label.isValidationTask\" | gfTranslate}}"},"labelPosition":{"type":"constant","value":"top"},"labelWidth":{"type":"constant","value":4},"inline":{"type":"constant","value":true},"availableValues":{"type":"constant","value":["Oui","Non"]},"displayedKey":{"type":"constant"},"returnedKey":{"type":"constant"},"selectedValue":{"type":"variable","value":"$item.isValidationTask"}},"reference":"ec20a35a-957d-4353-a31a-efccea88f057","hasValidationError":false,"id":"pbRadioButtons"},{"type":"component","dimension":{"xs":3},"propertyValues":{"cssClasses":{"type":"constant","value":""},"hidden":{"type":"expression","value":"$item.type !== \"custom\""},"allowHTML":{"type":"constant","value":true},"text":{"type":"interpolation","value":"{{\"customStepWarning\" | gfTranslate}}"},"alignment":{"type":"constant","value":"left"},"labelHidden":{"type":"constant","value":true},"label":{"type":"interpolation","value":""},"labelPosition":{"type":"constant","value":"top"},"labelWidth":{"type":"constant","value":4}},"reference":"ab81d585-041f-49e6-a2d2-50d381b2bb40","hasValidationError":false,"id":"pbText"}]]}]]}],[{"type":"container","dimension":{"xs":12},"propertyValues":{"cssClasses":{"type":"constant","value":""},"hidden":{"type":"constant","value":false},"repeatedCollection":{"type":"variable","value":""}},"reference":"5ab16aa7-a02f-4921-90f0-01c1c0b14b4a","hasValidationError":false,"id":"pbContainer","rows":[[{"type":"container","dimension":{"xs":2},"propertyValues":{"cssClasses":{"type":"constant","value":""},"hidden":{"type":"constant","value":false},"repeatedCollection":{"type":"variable","value":""}},"reference":"f91e8850-dcdf-4444-952b-5fb161961a02","hasValidationError":false,"id":"pbContainer","rows":[[{"type":"component","dimension":{"xs":9},"propertyValues":{"cssClasses":{"type":"constant","value":"gofastTitleAsLabel"},"hidden":{"type":"constant","value":false},"text":{"type":"interpolation","value":"{{\"header.sign_task\" | gfTranslate}}"},"level":{"type":"constant","value":"Level 4"},"alignment":{"type":"constant","value":"left"}},"reference":"b152abe6-5dba-4f38-bfa6-eb289914030d","hasValidationError":false,"id":"pbTitle"},{"type":"component","dimension":{"xs":3},"propertyValues":{"cssClasses":{"type":"constant","value":""},"hidden":{"type":"constant","value":false},"disabled":{"type":"constant","value":false},"label":{"type":"interpolation","value":"+"},"alignment":{"type":"constant","value":"left"},"buttonStyle":{"type":"constant","value":"success"},"action":{"type":"constant","value":"Add to collection"},"url":{"type":"interpolation"},"dataToSend":{"type":"constant"},"dataFromSuccess":{"type":"variable","value":""},"dataFromError":{"type":"variable","value":""},"targetUrlOnSuccess":{"type":"interpolation"},"collectionToModify":{"type":"variable","value":"collectionAttributionsSignature"},"collectionPosition":{"type":"constant","value":"Last"},"valueToAdd":{"type":"constant"},"removeItem":{"type":"variable"},"assign":{"type":"constant","value":false},"responseStatusCode":{"type":"variable"},"closeOnSuccess":{"type":"constant","value":false},"modalId":{"type":"constant","value":""}},"reference":"e77c3d20-db74-40c1-9861-a5b7417472ff","hasValidationError":false,"id":"pbButton"}]]},{"type":"component","dimension":{"xs":3},"propertyValues":{"cssClasses":{"type":"constant","value":""},"hidden":{"type":"constant","value":false},"disabled":{"type":"constant","value":false},"required":{"type":"constant","value":false},"label":{"type":"interpolation","value":"{{\"label.isSequentialSign\" | gfTranslate}}"},"value":{"type":"variable","value":"formInput.processInitInput.is_signature_ordered"}},"reference":"89345296-1921-4abe-bb3d-dc298ddbb813","hasValidationError":false,"id":"pbCheckbox"},{"type":"component","dimension":{"xs":3},"propertyValues":{"cssClasses":{"type":"constant","value":"span_help yousign_warning"},"hidden":{"type":"expression","value":"!formInput.processInitInput.is_signature_ordered"},"allowHTML":{"type":"constant","value":true},"text":{"type":"interpolation","value":"<i class=\"glyphicon glyphicon-question-sign tooltip-icon\"></i><span> {{\"placeholder.sequential\" | gfTranslate}}</span>"},"alignment":{"type":"constant","value":"left"},"labelHidden":{"type":"constant","value":true},"label":{"type":"interpolation","value":""},"labelPosition":{"type":"constant","value":"top"},"labelWidth":{"type":"constant","value":4}},"reference":"1d3fd724-e5b9-4a4e-8bb5-9b896bb2c7a9","hasValidationError":false,"id":"pbText"},{"type":"component","dimension":{"xs":4},"propertyValues":{"cssClasses":{"type":"constant","value":"span_help yousign_warning"},"hidden":{"type":"expression","value":"formInput.processInitInput.is_signature_ordered"},"allowHTML":{"type":"constant","value":true},"text":{"type":"interpolation","value":"<i class=\"glyphicon glyphicon-question-sign tooltip-icon\"></i><span> {{\"placeholder.parallel\" | gfTranslate}}</span>"},"alignment":{"type":"constant","value":"left"},"labelHidden":{"type":"constant","value":true},"label":{"type":"interpolation","value":""},"labelPosition":{"type":"constant","value":"top"},"labelWidth":{"type":"constant","value":4}},"reference":"2a792e62-bedd-4eba-8b01-00dab4138f0e","hasValidationError":false,"id":"pbText"}],[{"type":"component","dimension":{"xs":12,"sm":12,"md":12,"lg":12},"propertyValues":{"cssClasses":{"type":"constant","value":""},"hidden":{"type":"expression","value":"is_duplicate_signature_position == 0"},"labelHidden":{"type":"constant","value":true},"label":{"type":"interpolation","value":"Default label"},"labelPosition":{"type":"constant","value":"top"},"labelWidth":{"type":"constant","value":4},"allowHTML":{"type":"constant","value":true},"text":{"type":"interpolation","value":"<i class=\"fa fa-warning gofast-red\"></i> {{\"duplicateSignPosition\" | gfTranslate}}"},"alignment":{"type":"constant","value":"left"}},"reference":"acd561d8-ae74-471b-970a-c68c438851c3","hasValidationError":false,"id":"pbText"}],[{"type":"container","dimension":{"xs":12},"propertyValues":{"cssClasses":{"type":"constant","value":""},"hidden":{"type":"constant","value":false},"repeatedCollection":{"type":"variable","value":"collectionAttributionsSignature"}},"reference":"83139cf9-ad35-411f-af12-c8a3254cc1cc","hasValidationError":false,"id":"pbContainer","rows":[[{"type":"container","dimension":{"xs":2},"propertyValues":{"cssClasses":{"type":"constant","value":""},"hidden":{"type":"constant","value":false},"repeatedCollection":{"type":"variable","value":""}},"reference":"c678ed2e-9668-4476-a700-4a68a8f427fb","hasValidationError":false,"id":"pbContainer","rows":[[{"type":"container","dimension":{"xs":12},"propertyValues":{"cssClasses":{"type":"constant","value":""},"hidden":{"type":"constant","value":false},"repeatedCollection":{"type":"variable","value":""}},"reference":"35837404-9269-4c5f-8f2c-6617111b923e","hasValidationError":false,"id":"pbContainer","rows":[[{"type":"component","dimension":{"xs":12},"propertyValues":{"cssClasses":{"type":"constant","value":""},"hidden":{"type":"expression","value":"$item.type == \"sign_pastell\" || $item.type == \"sign\" || $item.type == \"sign_digitalsign\""},"disabled":{"type":"constant","value":false},"required":{"type":"constant","value":false},"labelHidden":{"type":"constant","value":true},"label":{"type":"interpolation","value":"{{\"label.externalSigner\" | gfTranslate}}"},"labelPosition":{"type":"constant","value":"top"},"labelWidth":{"type":"constant","value":4},"placeholder":{"type":"interpolation","value":"{{\"label.typeSigner\" | gfTranslate}}"},"availableValues":{"type":"expression","value":"typeSignataire"},"displayedKey":{"type":"constant","value":"display"},"returnedKey":{"type":"constant","value":"value"},"value":{"type":"variable","value":"$item.is_external"}},"reference":"bc9bd686-834c-4a92-bb5d-50691854ffd1","hasValidationError":false,"id":"pbSelect"}],[{"type":"component","dimension":{"xs":12},"propertyValues":{"cssClasses":{"type":"constant","value":""},"hidden":{"type":"expression","value":"$item.type != \"sign_pastell\" && $item.type != \"sign\" && $item.type != \"sign_digitalsign\""},"allowHTML":{"type":"constant","value":true},"text":{"type":"interpolation","value":""},"alignment":{"type":"constant","value":"left"},"labelHidden":{"type":"constant","value":true},"label":{"type":"interpolation","value":""},"labelPosition":{"type":"constant","value":"top"},"labelWidth":{"type":"constant","value":4}},"reference":"93844068-d035-42d7-b273-0eda820f53cc","hasValidationError":false,"id":"pbText"}]]}]]},{"type":"container","dimension":{"xs":10},"propertyValues":{"cssClasses":{"type":"constant","value":""},"hidden":{"type":"constant","value":false},"repeatedCollection":{"type":"variable","value":""}},"reference":"03926c6e-058f-4253-a50f-1660b290ead2","hasValidationError":false,"id":"pbContainer","rows":[[{"type":"container","dimension":{"xs":11,"md":11,"lg":11,"sm":11},"propertyValues":{"cssClasses":{"type":"constant","value":""},"hidden":{"type":"constant","value":false},"repeatedCollection":{"type":"variable","value":""}},"reference":"ff024f32-a358-47e0-b99e-a7ed58ebaba9","hasValidationError":false,"id":"pbContainer","rows":[[{"type":"container","dimension":{"xs":12},"propertyValues":{"cssClasses":{"type":"constant","value":""},"hidden":{"type":"expression","value":"$item.is_external == true && $item.type != \"sign_pastell\" && $item.type != \"sign\" && $item.type != \"sign_digitalsign\""},"repeatedCollection":{"type":"variable","value":""}},"reference":"30d64ae3-c73d-4c4d-a8a6-cba36fee54d2","hasValidationError":false,"id":"pbContainer","rows":[[{"type":"component","dimension":{"xs":12,"md":12,"lg":12,"sm":12},"propertyValues":{"cssClasses":{"type":"constant","value":""},"hidden":{"type":"constant","value":false},"readOnly":{"type":"constant","value":false},"labelHidden":{"type":"constant","value":true},"label":{"type":"interpolation","value":"{{\"label.user\" | gfTranslate}}"},"labelPosition":{"type":"constant","value":"top"},"labelWidth":{"type":"constant","value":4},"placeholder":{"type":"interpolation","value":"{{\"label.user\" | gfTranslate}}"},"value":{"type":"variable","value":"$item.uid"},"type":{"type":"constant","value":"user"},"bundles":{"type":"constant","value":"user,userlist"},"currentTitle":{"type":"variable","value":"$item.title"}},"reference":"3534dea8-5c2a-4982-a5b0-46c5051f442a","hasValidationError":false,"id":"customGofastAutocomplete"}]]}],[{"type":"container","dimension":{"xs":12},"propertyValues":{"cssClasses":{"type":"constant","value":"external_signer_line"},"hidden":{"type":"expression","value":"$item.is_external !== true || $item.type == \"sign_pastell\" || $item.type == \"sign\" || $item.type == \"sign_digitalsign\""},"repeatedCollection":{"type":"variable","value":""}},"reference":"16c92614-df76-42fe-9c45-22264473e942","hasValidationError":false,"id":"pbContainer","rows":[[{"type":"component","dimension":{"xs":12,"md":12,"sm":12},"propertyValues":{"cssClasses":{"type":"constant","value":""},"hidden":{"type":"constant","value":false},"readOnly":{"type":"constant","value":false},"labelHidden":{"type":"constant","value":true},"label":{"type":"interpolation","value":"{{\"label.lastname\" | gfTranslate}}"},"labelPosition":{"type":"constant","value":"top"},"labelWidth":{"type":"constant","value":2},"placeholder":{"type":"interpolation","value":""},"value":{"type":"variable","value":"$item.nom"},"bundles":{"type":"constant"},"currentTitle":{"type":"variable","value":""},"valueFirstname":{"type":"variable","value":"$item.prenom"},"valueEmail":{"type":"variable","value":"$item.mail"},"valueMobile":{"type":"variable","value":"$item.tel"},"valueEntity":{"type":"variable","value":""},"hideEntity":{"type":"constant","value":true},"labelFirstname":{"type":"interpolation","value":"{{\"label.firstname\" | gfTranslate}}"},"labelEmail":{"type":"interpolation","value":"{{\"label.mail\" | gfTranslate}}"},"labelMobile":{"type":"interpolation","value":"{{\"label.phone\" | gfTranslate}}"},"labelEntity":{"type":"interpolation","value":""}},"reference":"b9751934-0d6a-4e5e-8b89-1c8ffcbdf9f1","hasValidationError":false,"id":"customGofastAutocompleteContact"}]]}],[{"type":"container","dimension":{"xs":12},"propertyValues":{"cssClasses":{"type":"constant","value":""},"hidden":{"type":"expression","value":"$item.type != \"sign_pastell\""},"repeatedCollection":{"type":"variable","value":""}},"reference":"985b39e0-3632-46ff-8c90-e31adb7485b8","hasValidationError":false,"id":"pbContainer","rows":[[{"type":"component","dimension":{"xs":6},"propertyValues":{"cssClasses":{"type":"constant","value":""},"hidden":{"type":"constant","value":false},"disabled":{"type":"constant","value":false},"required":{"type":"constant","value":false},"labelHidden":{"type":"constant","value":true},"label":{"type":"interpolation","value":"Select"},"labelPosition":{"type":"constant","value":"top"},"labelWidth":{"type":"constant","value":4},"placeholder":{"type":"interpolation","value":"Select an option"},"availableValues":{"type":"expression","value":"pastellEntite"},"displayedKey":{"type":"constant","value":"name"},"returnedKey":{"type":"constant","value":"id"},"value":{"type":"variable","value":"$item.pastellEntiteChoice"}},"reference":"b934a23c-a41a-4d10-b104-53323ca9a0b2","hasValidationError":false,"id":"pbSelect"},{"type":"component","dimension":{"xs":6},"propertyValues":{"cssClasses":{"type":"constant","value":""},"hidden":{"type":"constant","value":false},"disabled":{"type":"constant","value":false},"required":{"type":"constant","value":false},"labelHidden":{"type":"constant","value":true},"label":{"type":"interpolation","value":"Select"},"labelPosition":{"type":"constant","value":"top"},"labelWidth":{"type":"constant","value":4},"placeholder":{"type":"interpolation","value":"Select an option"},"availableValues":{"type":"constant"},"displayedKey":{"type":"constant"},"returnedKey":{"type":"constant"},"value":{"type":"variable","value":"$item.pastellFluxChoice"},"pastellId":{"type":"variable","value":"$item.pastellEntiteChoice"}},"reference":"bef2f9c6-0941-4876-9a14-8e63f6b3f852","hasValidationError":false,"id":"customGofastPastellSelect"}]]}],[{"type":"component","dimension":{"xs":4,"sm":4,"md":4,"lg":4},"propertyValues":{"cssClasses":{"type":"constant","value":""},"hidden":{"type":"constant","value":false},"readOnly":{"type":"constant","value":false},"required":{"type":"constant","value":false},"labelHidden":{"type":"constant","value":true},"label":{"type":"interpolation","value":"Date"},"labelPosition":{"type":"constant","value":"top"},"labelWidth":{"type":"constant","value":4},"value":{"type":"variable","value":"$item.end_date"},"dateFormat":{"type":"constant","value":"dd/MM/yyyy"},"placeholder":{"type":"interpolation","value":"{{\"placeholder.task_end_date\" | gfTranslate}}"},"showToday":{"type":"constant","value":false},"todayLabel":{"type":"interpolation","value":"Today"},"index":{"type":"expression","value":"$index"},"collection":{"type":"variable","value":"collectionAttributionsSignature"},"isSequential":{"type":"expression","value":"formInput.processInitInput.is_signature_ordered"}},"reference":"0740a3ea-721e-49ff-b539-aa2f1723c441","hasValidationError":false,"id":"customGofastDatePicker"},{"type":"component","dimension":{"xs":4,"md":4,"lg":4,"sm":4},"propertyValues":{"cssClasses":{"type":"constant","value":""},"hidden":{"type":"constant","value":false},"disabled":{"type":"constant","value":false},"required":{"type":"constant","value":false},"labelHidden":{"type":"constant","value":true},"label":{"type":"interpolation","value":"{{\"placeholder.list.attributions\" | gfTranslate}}"},"labelPosition":{"type":"constant","value":"top"},"labelWidth":{"type":"constant","value":4},"placeholder":{"type":"interpolation","value":"{{\"placeholder.list.attributions\" | gfTranslate}}"},"availableValues":{"type":"expression","value":"assignationTypesSignature"},"displayedKey":{"type":"constant","value":"display"},"returnedKey":{"type":"constant","value":"value"},"value":{"type":"variable","value":"$item.type"}},"reference":"0e305d43-7208-45da-af5b-7f11b2d6be16","hasValidationError":false,"id":"pbSelect"},{"type":"component","dimension":{"xs":4,"lg":4,"md":4},"propertyValues":{"cssClasses":{"type":"constant","value":""},"hidden":{"type":"constant","value":false},"disabled":{"type":"constant","value":false},"required":{"type":"constant","value":true},"labelHidden":{"type":"constant","value":true},"label":{"type":"interpolation","value":"{{\"label.signaturePosition\" | gfTranslate}}"},"labelPosition":{"type":"constant","value":"top"},"labelWidth":{"type":"constant","value":4},"placeholder":{"type":"interpolation","value":"{{\"label.signaturePosition\" | gfTranslate}}"},"availableValues":{"type":"expression","value":"position_signature"},"displayedKey":{"type":"constant","value":"display"},"returnedKey":{"type":"constant","value":"value"},"value":{"type":"variable","value":"$item.position_signature"}},"reference":"35b244b5-40d8-443e-bc50-6699d0372719","hasValidationError":false,"id":"pbSelect"}]]},{"type":"component","dimension":{"xs":1,"md":1,"lg":1,"sm":1},"propertyValues":{"cssClasses":{"type":"constant","value":"button-trash-margin"},"hidden":{"type":"constant","value":false},"disabled":{"type":"constant","value":false},"label":{"type":"interpolation","value":"<i class=\"fa fa-trash\"></i>"},"alignment":{"type":"constant","value":"right"},"buttonStyle":{"type":"constant","value":"danger"},"action":{"type":"constant","value":"Remove from collection"},"url":{"type":"interpolation"},"dataToSend":{"type":"constant"},"dataFromSuccess":{"type":"variable","value":""},"dataFromError":{"type":"variable","value":""},"targetUrlOnSuccess":{"type":"interpolation"},"collectionToModify":{"type":"variable","value":"$collection"},"collectionPosition":{"type":"constant","value":"Item"},"valueToAdd":{"type":"constant"},"removeItem":{"type":"variable","value":"$item"},"assign":{"type":"constant","value":false},"responseStatusCode":{"type":"variable"},"closeOnSuccess":{"type":"constant","value":false},"modalId":{"type":"constant","value":""}},"reference":"0e5e00c2-ff81-464f-94b7-36393506e380","hasValidationError":false,"id":"pbButton"}]]}]]}]]}],[{"type":"component","dimension":{"xs":12},"propertyValues":{"cssClasses":{"type":"constant","value":"hidden_field"},"hidden":{"type":"constant","value":false},"disabled":{"type":"constant","value":false},"required":{"type":"constant","value":false},"labelHidden":{"type":"constant","value":true},"label":{"type":"interpolation","value":"Profil"},"labelPosition":{"type":"constant","value":"top"},"labelWidth":{"type":"constant","value":4},"placeholder":{"type":"interpolation","value":"Select an option"},"availableValues":{"type":"expression","value":"list_wf_profils"},"displayedKey":{"type":"constant","value":"name"},"returnedKey":{"type":"constant","value":"id"},"value":{"type":"variable","value":"selected_wf_profil"}},"reference":"178310b9-fdd2-4490-a92e-85c4fd0f8ad8","hasValidationError":false,"id":"pbSelect"}],[{"type":"component","dimension":{"xs":12},"propertyValues":{"cssClasses":{"type":"constant","value":"fill-profil hidden_field"},"hidden":{"type":"constant","value":false},"disabled":{"type":"constant","value":false},"label":{"type":"interpolation","value":"Charger profil"},"alignment":{"type":"constant","value":"left"},"buttonStyle":{"type":"constant","value":"default"},"action":{"type":"constant","value":"Add to collection"},"url":{"type":"interpolation"},"dataToSend":{"type":"constant"},"dataFromSuccess":{"type":"variable","value":""},"dataFromError":{"type":"variable","value":""},"targetUrlOnSuccess":{"type":"interpolation"},"collectionToModify":{"type":"variable","value":""},"collectionPosition":{"type":"constant","value":"Last"},"valueToAdd":{"type":"constant"},"removeItem":{"type":"variable"}},"reference":"8a4a3114-23b3-49fe-b44c-98a86d1ac7fc","hasValidationError":false,"id":"pbButton"}],[{"type":"component","dimension":{"xs":12},"propertyValues":{"cssClasses":{"type":"constant","value":""},"hidden":{"type":"expression","value":"action_profil != \"new\" && action_profil != \"edit\""},"required":{"type":"constant","value":true},"minLength":{"type":"constant","value":""},"maxLength":{"type":"constant","value":""},"readOnly":{"type":"constant","value":false},"labelHidden":{"type":"constant","value":false},"label":{"type":"interpolation","value":"{{\"label.name_profil\" | gfTranslate}}"},"labelPosition":{"type":"constant","value":"top"},"labelWidth":{"type":"constant","value":4},"placeholder":{"type":"interpolation"},"value":{"type":"variable","value":"new_profil_name"},"type":{"type":"constant","value":"text"},"min":{"type":"constant"},"max":{"type":"constant"},"step":{"type":"constant","value":1}},"reference":"06f3aae5-b77a-47c2-90dc-fc0157638b84","hasValidationError":false,"id":"pbInput"}],[{"type":"component","dimension":{"xs":12,"sm":12,"md":12,"lg":12},"propertyValues":{"cssClasses":{"type":"constant","value":""},"hidden":{"type":"expression","value":"action_profil != \"new\" && action_profil != \"edit\""},"value":{"type":"variable","value":"space_profil"},"labelHidden":{"type":"constant","value":false},"labelPosition":{"type":"constant","value":"top"},"labelWidth":{"type":"constant","value":4},"placeholder":{"type":"interpolation","value":"{{\"placeholder.space_profil\" | gfTranslate}}"},"type":{"type":"constant","value":"space"},"bundles":{"type":"constant","value":"group, organisation, extranet"},"currentTitle":{"type":"variable","value":""},"label":{"type":"interpolation","value":"{{\"label.space_profil\" | gfTranslate}}"}},"reference":"09123a4f-fb9c-445b-abbd-f5d5b887f7c7","hasValidationError":false,"id":"customGofastMultiAutocomplete"}],[{"type":"component","dimension":{"xs":12},"propertyValues":{"cssClasses":{"type":"constant","value":"save-current-profil"},"hidden":{"type":"expression","value":"action_profil != \"edit\""},"disabled":{"type":"expression","value":"!new_profil_name || !new_profil_name.length"},"label":{"type":"interpolation","value":"{{\"button.edit_profil\" | gfTranslate}}"},"alignment":{"type":"constant","value":"left"},"buttonStyle":{"type":"constant","value":"success"},"action":{"type":"constant","value":"Add to collection"},"url":{"type":"interpolation"},"dataToSend":{"type":"constant"},"dataFromSuccess":{"type":"variable","value":""},"dataFromError":{"type":"variable","value":""},"targetUrlOnSuccess":{"type":"interpolation"},"collectionToModify":{"type":"variable","value":""},"collectionPosition":{"type":"constant","value":"Last"},"valueToAdd":{"type":"constant"},"removeItem":{"type":"variable"},"assign":{"type":"constant","value":false},"responseStatusCode":{"type":"variable"},"closeOnSuccess":{"type":"constant","value":false},"modalId":{"type":"constant","value":""}},"reference":"ac5a31bf-6aec-4f34-ae5d-7063295e3166","hasValidationError":false,"id":"pbButton"}],[{"type":"component","dimension":{"xs":12},"propertyValues":{"cssClasses":{"type":"constant","value":"save-new-profil"},"hidden":{"type":"expression","value":"action_profil != \"new\""},"disabled":{"type":"expression","value":"!new_profil_name || !new_profil_name.length"},"label":{"type":"interpolation","value":"{{\"button.new_profil\" | gfTranslate}}"},"alignment":{"type":"constant","value":"left"},"buttonStyle":{"type":"constant","value":"success"},"action":{"type":"constant","value":"Add to collection"},"url":{"type":"interpolation"},"dataToSend":{"type":"constant"},"dataFromSuccess":{"type":"variable","value":""},"dataFromError":{"type":"variable","value":""},"targetUrlOnSuccess":{"type":"interpolation"},"collectionToModify":{"type":"variable","value":""},"collectionPosition":{"type":"constant","value":"Last"},"valueToAdd":{"type":"constant"},"removeItem":{"type":"variable"},"assign":{"type":"constant","value":false},"responseStatusCode":{"type":"variable"},"closeOnSuccess":{"type":"constant","value":false},"modalId":{"type":"constant","value":""}},"reference":"23391dd7-e182-4d5e-abfc-3b25591aec3f","hasValidationError":false,"id":"pbButton"}],[{"type":"container","dimension":{"xs":12},"propertyValues":{"cssClasses":{"type":"constant","value":""},"hidden":{"type":"constant","value":false},"repeatedCollection":{"type":"variable","value":""}},"reference":"7f16f3de-b172-4523-811c-d109b54e613c","hasValidationError":false,"id":"pbContainer","rows":[[{"type":"component","dimension":{"xs":12},"propertyValues":{"cssClasses":{"type":"constant","value":""},"hidden":{"type":"constant","value":false},"allowHTML":{"type":"constant","value":true},"text":{"type":"interpolation","value":"<br />"},"alignment":{"type":"constant","value":"left"},"labelHidden":{"type":"constant","value":true},"label":{"type":"interpolation","value":""},"labelPosition":{"type":"constant","value":"top"},"labelWidth":{"type":"constant","value":4}},"reference":"645a1152-0a65-4576-9e6f-f87d59413a42","hasValidationError":false,"id":"pbText"}]]}],[{"type":"component","dimension":{"xs":12},"propertyValues":{"removeItem":{"type":"variable"},"cssClasses":{"type":"constant","value":""},"widgetId":{"type":"constant","value":"pbButton"},"buttonStyle":{"type":"constant","value":"primary"},"isDisplayed":{"type":"constant","value":true},"label":{"type":"interpolation","value":"{{\"button.submit\" | gfTranslate}}"},"dataToSend":{"type":"expression","value":"formOutput"},"labelHidden":{"type":"constant","value":false},"readonly":{"type":"constant","value":false},"collectionPosition":{"type":"constant"},"targetUrlOnSuccess":{"type":"interpolation","value":"/workflow/success?message=Your document broadcast workflow has been started"},"action":{"type":"constant","value":"Start process"},"collectionToModify":{"type":"variable"},"valueToAdd":{"type":"expression"},"disabled":{"type":"expression","value":"$form.$invalid || can_sign != 0 || can_sign_digitalsign != 0 || fieldsFilled == false || is_duplicate_signature_position == 1"},"alignment":{"type":"constant","value":"left"},"class":{"type":"constant","value":"org.bonitasoft.web.designer.experimental.parametrizedWidget.ButtonWidget"},"dimension":{"type":"constant","value":12},"hidden":{"type":"expression","value":"action_profil == \"new\" || action_profil == \"edit\""},"url":{"type":"interpolation"},"dataFromSuccess":{"type":"variable","value":""},"dataFromError":{"type":"variable","value":""},"assign":{"type":"constant","value":false},"responseStatusCode":{"type":"variable","value":""},"closeOnSuccess":{"type":"constant","value":false},"modalId":{"type":"constant","value":""}},"reference":"5415963c-42b5-4b79-8843-eb6b5ada7022","hasValidationError":false,"id":"pbButton"}],[{"type":"component","dimension":{"xs":12},"propertyValues":{"cssClasses":{"type":"constant","value":"yousign_warning"},"hidden":{"type":"expression","value":"!is_module_enabled != 1"},"allowHTML":{"type":"constant","value":true},"text":{"type":"interpolation","value":"{{\"placeholder.yousignDisabled\" | gfTranslate}}"},"alignment":{"type":"constant","value":"left"},"labelHidden":{"type":"constant","value":true},"label":{"type":"interpolation","value":""},"labelPosition":{"type":"constant","value":"top"},"labelWidth":{"type":"constant","value":4}},"reference":"01d91e45-10ed-474b-be99-71151c93b94a","hasValidationError":false,"id":"pbText"}],[{"type":"component","dimension":{"xs":12},"propertyValues":{"cssClasses":{"type":"constant","value":"yousign_warning"},"hidden":{"type":"expression","value":"!is_pastell_enabled != 1"},"allowHTML":{"type":"constant","value":true},"text":{"type":"interpolation","value":"{{\"placeholder.pastellDisabled\" | gfTranslate}}"},"alignment":{"type":"constant","value":"left"},"labelHidden":{"type":"constant","value":true},"label":{"type":"interpolation","value":""},"labelPosition":{"type":"constant","value":"top"},"labelWidth":{"type":"constant","value":4}},"reference":"d2e54c80-c84a-4fe8-9071-ca188cc89461","hasValidationError":false,"id":"pbText"}],[{"type":"component","dimension":{"xs":12},"propertyValues":{"cssClasses":{"type":"constant","value":""},"hidden":{"type":"expression","value":"can_sign == 0 || $form.$invalid || fieldsFilled == false"},"allowHTML":{"type":"constant","value":true},"text":{"type":"interpolation","value":"<i class=\"fa fa-warning gofast-red\"></i> {{can_sign}}"},"alignment":{"type":"constant","value":"left"},"labelHidden":{"type":"constant","value":true},"label":{"type":"interpolation","value":""},"labelPosition":{"type":"constant","value":"top"},"labelWidth":{"type":"constant","value":4}},"reference":"17e3ea80-8550-4016-9681-7c5d2055d04b","hasValidationError":false,"id":"pbText"}],[{"type":"component","dimension":{"xs":12,"sm":12,"md":12,"lg":12},"propertyValues":{"cssClasses":{"type":"constant","value":""},"hidden":{"type":"expression","value":"can_sign_digitalsign == 0 || $form.$invalid || fieldsFilled == false"},"labelHidden":{"type":"constant","value":true},"label":{"type":"interpolation","value":"Default label"},"labelPosition":{"type":"constant","value":"top"},"labelWidth":{"type":"constant","value":4},"allowHTML":{"type":"constant","value":true},"text":{"type":"interpolation","value":"<i class=\"fa fa-warning gofast-red\"></i> {{can_sign_digitalsign}}"},"alignment":{"type":"constant","value":"left"}},"reference":"23981c42-6f2d-4e14-8ab4-9caeb8a31828","hasValidationError":false,"id":"pbText"}],[{"type":"component","dimension":{"xs":12},"propertyValues":{"cssClasses":{"type":"constant","value":""},"hidden":{"type":"expression","value":"invalidMapping == 0 || $form.$invalid || fieldsFilled == false"},"allowHTML":{"type":"constant","value":true},"text":{"type":"interpolation","value":"<i class=\"fa fa-warning gofast-red\"></i> {{invalidMapping}}"},"alignment":{"type":"constant","value":"left"},"labelHidden":{"type":"constant","value":true},"label":{"type":"interpolation","value":""},"labelPosition":{"type":"constant","value":"top"},"labelWidth":{"type":"constant","value":4}},"reference":"c1cf351e-fb85-4493-ae24-65ad056221fb","hasValidationError":false,"id":"pbText"}]]}]]}}]],"assets":[{"id":"6712f007-5dbe-493f-b33f-2fe30f242f18","name":"fa-regular-400.woff","type":"css","order":19,"external":false},{"id":"b705e318-79ea-4495-90dd-9920cc364ca8","name":"fa-brands-400.woff","type":"css","order":14,"external":false},{"id":"04aa3993-ece3-477a-b59b-c2c4d3a5c503","name":"fa-all.min.js","type":"js","order":21,"external":false},{"id":"51da62b2-b07e-41ce-b8b7-0e772bab1c8a","name":"style.css","type":"css","order":0,"external":false},{"id":"39d89486-a547-4f89-b246-ca932f5f5a94","name":"fa-regular-400.ttf","type":"css","order":18,"external":false},{"id":"4d76e47a-a8f7-4a72-9f44-455901a02db6","name":"fa-all.min.css","type":"css","order":22,"external":false},{"id":"75b51a4d-bd5a-491a-bbd0-aa6ba0c236ae","name":"fa-brands-400.eot","type":"css","order":11,"external":false},{"id":"e101c666-696d-4ec1-a388-61abaaa41206","name":"fa-regular-400.eot","type":"css","order":16,"external":false},{"id":"f56c28a2-2a8e-40eb-a3b6-4586b438cc81","name":"fa-brands-400.ttf","type":"css","order":13,"external":false},{"id":"f9d3b35d-4408-469e-94c9-2e21c12d167a","name":"fa-regular-400.woff2","type":"css","order":20,"external":false},{"id":"94f36090-d80e-447d-a947-6e2d92f64d9c","name":"fa-brands-400.svg","type":"css","order":12,"external":false},{"id":"624ac2a1-30f0-4ec4-84a1-c4ba29a5f23f","name":"gofast_ui_designer_translate.js","type":"js","order":10,"external":false},{"id":"76cc5649-c1f8-4652-9f6c-866a3ece4fc1","name":"fa-brands-400.woff2","type":"css","order":15,"external":false},{"id":"37a82483-d0c0-498c-8d8b-83c39b58fce5","name":"fa-regular-400.svg","type":"css","order":17,"external":false},{"id":"a22372cb-0c04-49f0-a3fb-e56db0a7ac76","name":"resize_modal.js","type":"js","order":23,"external":false}],"inactiveAssets":[],"variables":{"pastellFlux":{"type":"json","value":["{}"],"exposed":false},"is_module_enabled":{"type":"url","value":["../../../../../../../signature/yousign/api/check/module"],"exposed":false},"selected_wf_profil":{"type":"constant","value":["null"],"exposed":false},"processInfos":{"type":"expression","value":["var url = window.location.pathname;","var array_url = url.split(\"/\");","","var processInfos = [];","processInfos[\"process_name\"] = array_url[5];","processInfos[\"process_version\"] = array_url[6];","","","console.log(processInfos);","return processInfos;"],"exposed":false},"formInput":{"type":"json","value":["{\r","  \"processInitInput\" : {\r","    \"nids\" : [ ],\r","    \"uids_types\" : [ ],\r","    \"comment\" : \"\",\r","    \"deadline\" : null,\r","    \"title\" : \"\",\r","    \"is_signature_ordered\" : true,\r","    \"is_validation_ordered\" : true,\r","    \"transform_before_validation\" : false,\r","    \"transform_before_signature\" : false\r","  }\r","}"],"exposed":false},"pastellEntiteChoice":{"type":"json","value":["{}"],"exposed":false},"save_profil":{"type":"expression","value":["//document.addEventListener(\"DOMContentLoaded\", function(event) { ","  var save_new_button = document.getElementsByClassName(\"save-new-profil\")[0].getElementsByTagName(\"button\")[0];","  save_new_button.onclick = saveNewFormProfilClick;","//});","","","function saveNewFormProfilClick(){","    saveNewFormProfil();","}","","function saveNewFormProfil(){","    var json_data = { name: $data.new_profil_name, value: $data.formOutput, type_wf : $data.processInfos[\"process_name\"], version_wf : $data.processInfos[\"process_version\"], spaces: $data.space_profil }","    var $ = window.parent.parent.jQuery;","    $.ajax({ url: '../../../../../../../api/workflow/profil', contentType : \"application/json\", dataType: 'json', data:JSON.stringify(json_data), type: 'PUT', success: function(result) {","        window.parent.parent.Gofast.toast(window.parent.parent.Drupal.t(\"Your process model has been saved.\", {}, {context: \"gofast:gofast_workflows\"}), \"success\");","        window.parent.parent.Drupal.gofast_workflows.reload_rapide_dashboard();","        window.parent.parent.Gofast.closeModal();","    }});","}"],"exposed":false},"fieldsFilled":{"type":"expression","value":["var documents = $data.collectionDocuments;","for(var i in documents){","    if(typeof documents[i].title == \"string\" && documents[i].title.length > 0){","        //passed","    }else{","        return false;","    }","}","","var attributions = $data.collectionAttributions;","for(var i in attributions){","    if(typeof attributions[i].title == \"string\" && attributions[i].title.length > 0 && (attributions[i].type !== \"custom\" || attributions[i].customStep.length > 0)){","        //passed","    }else{","        return false;","    }","}","","attributions = $data.collectionAttributionsSignature;","for(var i in attributions){","    if(attributions[i].type == null){","        return false;","    }","    ","    if(attributions[i].type == \"sign_pastell\"){","        if(attributions[i].pastellEntiteChoice === null || attributions[i].pastellEntiteChoice.length === 0 || attributions[i].pastellFluxChoice === null || attributions[i].pastellFluxChoice.length === 0 ){","            return false;","        }","    }else if(attributions[i].type == \"sign\"){","        if(attributions[i].is_external === true || attributions[i].is_external === null){","            return false;","        }else if(typeof attributions[i].title == \"string\" && attributions[i].title.length > 0){","              //passed","        }else{","            return false;","        }","      ","    }else{","       //passed","    }","}","attributions = $data.collectionAttributionsValidation;","for(var i in attributions){","","    if(typeof attributions[i].title == \"string\" && attributions[i].title.length > 0 && ((attributions[i].type !== \"custom\" && attributions[i].type !== null) || attributions[i].customStep.length > 0 )){","        //passed","    }else{","        return false;","    }","}","","if($data.collectionAttributionsSignature.length === 0 && $data.collectionAttributionsValidation.length === 0 && $data.collectionAttributions.length === 0){","   console.log(\"no actors\");","    return false;","}","","return true;"],"exposed":false},"array_nids":{"type":"expression","value":["return $data.nids.split(\"|\");"],"exposed":false},"fill_form_with_selected_profil":{"type":"expression","value":["var fill_button = document.getElementsByClassName(\"fill-profil\")[0].getElementsByTagName(\"button\")[0];","fill_button.onclick = fillFormProfilClick;","","if($data.id_profil && !$data.selected_wf_profil){","    $data.selected_wf_profil = $data.id_profil;","    fill_button.click();","}","//});","","","function fillFormProfilClick(e){","    fillFormProfil(e);","}","","function fillFormProfil(e){"," if($data.profil_loaded == 1){","     return;"," }",""," if($data.selected_wf_profil != \"null\" && $data.selected_wf_profil !== undefined){","   for(var i in $data.list_wf_profils){","       if($data.list_wf_profils[i].id == $data.selected_wf_profil){","           var saved_form_input = JSON.parse($data.list_wf_profils[i].value); ","           $data.formInput = saved_form_input;","           if(typeof $data.collectionDocuments == \"object\" && $data.collectionDocuments[0] != null){","               Array.prototype.push.apply($data.collectionDocuments,saved_form_input.processInitInput.collectionDocuments);","           }else{","               $data.collectionDocuments = saved_form_input.processInitInput.collectionDocuments;","           }","           $data.collectionAttributions = saved_form_input.processInitInput.collectionAttributions;","           $data.collectionAttributionsSignatureExternes = saved_form_input.processInitInput.collectionAttributionsSignatureExternes;","           $data.collectionAttributionsValidation=saved_form_input.processInitInput.collectionAttributionsValidation;","           $data.collectionAttributionsSignature=saved_form_input.processInitInput.collectionAttributionsSignature;","           $data.transformationSelectValuesSelected = saved_form_input.processInitInput.transformationSelectValuesSelected;","           $data.new_profil_name = $data.list_wf_profils[i].name;","           $data.space_profil = $data.list_wf_profils[i].spaces;","           $data.profil_loaded = 1;","","           angular.element(e.target).scope().$apply();","       }","    }","  }","}"],"exposed":false},"pastellEntite":{"type":"url","value":["../../../../../../../pastell/api/get/entite"],"exposed":false},"processTooltps":{"type":"expression","value":["//Watch data","if($data.collectionAttributionsValidation.size() > 0){","//Tooltips","var tooltips = document.getElementsByClassName(\"tooltip-icon\");","for (var i in tooltips){","    if(typeof tooltips[i] == \"object\"){","        tooltips[i].onmouseover = function(e){","            e.target.parentElement.getElementsByTagName(\"span\")[0].style.display = \"block\";","        };","        tooltips[i].onmouseout = function(e){","            e.target.parentElement.getElementsByTagName(\"span\")[0].style.display = \"none\";","        };","    }","}","}"],"exposed":false},"assignationTypesValidation":{"type":"expression","value":["if ($data.langcode == \"fr\"){","    return JSON.parse('[{\"display\": \"Pour validation\", \"value\" : \"validate\"}, {\"display\": \"Etape avec nom personnalisé\", \"value\" : \"custom\"}]');","}else if($data.langcode == \"nl\"){","    return JSON.parse('[{\"display\": \"Pour validation\", \"value\" : \"validate\"}, {\"display\": \"Etape avec nom personnalisé\", \"value\" : \"custom\"}]');","}else{","    return JSON.parse('[{\"display\": \"For validation\", \"value\" : \"validate\"}, {\"display\": \"Custom step\", \"value\" : \"custom\"}]');","}"],"exposed":false},"pastellFluxChoice":{"type":"json","value":["{}"],"exposed":false},"phones_uids_signers":{"type":"expression","value":["if($data.fieldsFilled == true){","    var attributionsOutput = \"\";","    ","    var attributions_signature = $data.collectionAttributionsSignature;","    for(var i in attributions_signature){","        if(attributions_signature[i].is_external){","            if(attributions_signature[i].type == \"sign_yousign\" || attributions_signature[i].type == \"sign_yousign_advanced\"){","                attributionsOutput += encodeURIComponent(attributions_signature[i].tel) + \";\";","            }","        }","    }","    ","    return attributionsOutput;","}"],"exposed":false},"list_wf_profils":{"type":"url","value":["../../../../../../../api/workflow/profil?type={{processInfos[\"process_name\"]}}"],"exposed":false},"langcode":{"type":"urlparameter","value":["locale"],"exposed":false},"collectionAttributionsValidation":{"type":"json","value":["[]"],"exposed":false},"collectionAttributionsSignatureExternes":{"type":"json","value":["[]"],"exposed":false},"formOutput":{"type":"expression","value":["//Get documents and prepare them for the final output","var documents = $data.collectionDocuments;","var documentsOutput = [];","for(var i in documents){","    documentsOutput.push(documents[i].nid);","}","","//Get attributions and prepare them for the final output","","var attributions = $data.collectionAttributions;","var attributionsOutput = [];","for(var i in attributions){","    attributionsOutput.push(JSON.stringify([attributions[i].uid, attributions[i].type, attributions[i].customStep,attributions[i].isValidationTask, \"\", attributions[i].end_date]));","}","","var attributions_validation = $data.collectionAttributionsValidation;","for(var i in attributions_validation){","    attributionsOutput.push(JSON.stringify([attributions_validation[i].uid, attributions_validation[i].type, attributions_validation[i].customStep,attributions_validation[i].isValidationTask, \"\", attributions_validation[i].end_date]));","}","","var attributions_signature = $data.collectionAttributionsSignature;","for(var i in attributions_signature){","    if(attributions_signature[i].is_external === true && attributions_signature[i].type != \"sign_pastell\" && attributions_signature[i].type != \"sign\" && attributions_signature[i].type != \"sign_digitalsign\"){","       var fake_uid = attributions_signature[i].nom+\"|\"+attributions_signature[i].prenom+\"|\"+attributions_signature[i].mail+\"|\"+attributions_signature[i].tel;","       attributionsOutput.push(JSON.stringify([fake_uid, attributions_signature[i].type, attributions_signature[i].customStep,attributions_signature[i].isValidationTask, attributions_signature[i].position_signature, attributions_signature[i].end_date]));","    ","    }else if(attributions_signature[i].type == 'sign_pastell'){","        attributionsOutput.push(JSON.stringify(['admin',attributions_signature[i].type,attributions_signature[i].pastellEntiteChoice, attributions_signature[i].pastellFluxChoice, \"\", attributions_signature[i].end_date]));","    }else{","        attributionsOutput.push(JSON.stringify([attributions_signature[i].uid, attributions_signature[i].type, attributions_signature[i].customStep,attributions_signature[i].isValidationTask, attributions_signature[i].position_signature, attributions_signature[i].end_date]));","    }","}","","//get transformation option"," if($data.transformationSelectValuesSelected == \"validation\"){","    $data.formInput.processInitInput.transform_before_validation = true;","    $data.formInput.processInitInput.transform_before_signature = false;","}else if($data.transformationSelectValuesSelected == \"signature\"){","    $data.formInput.processInitInput.transform_before_validation = false;","    $data.formInput.processInitInput.transform_before_signature = true;","}else{        ","    $data.formInput.processInitInput.transform_before_validation = false;","    $data.formInput.processInitInput.transform_before_signature = false;","}","","//Set and send back the data","var output = $data.formInput.processInitInput;","output.nids = documentsOutput;","output.uids_types = attributionsOutput;","","//just for saved profil purpose","output.collectionAttributions = $data.collectionAttributions;","output.collectionAttributionsSignature = $data.collectionAttributionsSignature;","output.collectionAttributionsSignatureExternes = $data.collectionAttributionsSignatureExternes;","output.collectionAttributionsValidation = $data.collectionAttributionsValidation;","output.collectionDocuments = $data.collectionDocuments;","output.transformationSelectValuesSelected = $data.transformationSelectValuesSelected;","return { processInitInput: output };"],"exposed":false},"profil_loaded":{"type":"constant","value":["0"],"exposed":false},"transformationSelectValues":{"type":"expression","value":["if ($data.langcode == \"fr\"){","  return JSON.parse('[{\"display\": \"Pas de publication PDF\", \"value\" : \"no\"},{\"display\": \"Créer la publication PDF avant validation\", \"value\" : \"validation\"},{\"display\": \"Créer la publication PDF avant signature\", \"value\" : \"signature\"}]');","}else if($data.langcode == \"nl\"){","  return JSON.parse('[{\"display\": \"No PDF publication, \"value\" : \"no\"},{\"display\": \"PDF publication before validation\", \"value\" : \"validation\"},{\"display\": \"PDF publication before signature\", \"value\" : \"signature\"}]');","}else{","  return JSON.parse('[{\"display\": \"No PDF publication\", \"value\" : \"no\"},{\"display\": \"PDF publication before validation\", \"value\" : \"validation\"},{\"display\": \"PDF publication before signature\", \"value\" : \"signature\"}]');","}"],"exposed":false},"is_pastell_enabled":{"type":"url","value":["../../../../../../../pastell/api/check/module"],"exposed":false},"invalidMapping":{"type":"url","value":["../../../../../../../workflow/api/validate/access_document/?type_file_param=node&reference={{nids_url}}&uid={{uids_url}}"],"exposed":false},"today_label":{"type":"expression","value":["//Retrieve URL parameters\r","\t\t\tvar params = {};\r","\r","\t\t\tif (location.search) {\r","\t\t\t\tvar parts = location.search.substring(1).split('&');\r","\r","\t\t\t\tfor (var i = 0; i < parts.length; i++) {\r","\t\t\t\t\tvar nv = parts[i].split('=');\r","\t\t\t\t\tif (!nv[0]) continue;\r","\t\t\t\t\tparams[nv[0]] = nv[1] || true;\r","\t\t\t\t}\r","\t\t\t}\r","\t\t\t\r","\t\t\t//Get the langcode from the URL\r","\t\t\tvar langcode = params.locale;\r","\t\t\tif(typeof langcode == \"undefined\"){\r","\t\t\t\tlangcode = \"en\";\r","\t\t\t}\r","\t\t\t\r","if(langcode == \"fr\"){\r","    return \"Aujourd'hui\";\r","}else if(langcode == \"en\"){\r","    return \"Today\";\r","}else{\r","    return \"Vandaag\";\r","}"],"exposed":false},"assignationTypesSignature":{"type":"expression","value":["var list = [];\r","\r","var display_sign = \"\";\r","var display_sign_yousign = \"\";\r","var display_sign_yousign_advanced = \"\";\r","var display_sign_pastell = \"\";\r","var display_sign_digitalsign = \"\";\r","\r","if ($data.langcode == \"fr\"){\r","    display_sign = \"Pour signature\";\r","    display_sign_yousign = \"Pour signature ( Yousign basique )\";\r","    display_sign_yousign_advanced = \"Pour signature ( Yousign avancée )\";\r","    display_sign_pastell = \"Pour signature Pastell\";\r","    display_sign_digitalsign = \"Pour signature Digitalsign\";\r","}else if($data.langcode == \"nl\"){\r","    display_sign = \"Pour signature\";\r","    display_sign_yousign = \"Pour signature ( Yousign basique )\";\r","    display_sign_yousign_advanced = \"Pour signature ( Yousign avancée )\";\r","    display_sign_pastell = \"Pour signature Pastell\";\r","    display_sign_digitalsign = \"Pour signature Digitalsign\";\r","}else{\r","    display_sign = \"For signing\";\r","    display_sign_yousign = \"For signing ( Yousign basic )\";\r","    display_sign_yousign_advanced = \"For signing ( Yousign advanced )\";\r","    display_sign_pastell = \"For signing Pastell\";\r","    display_sign_digitalsign = \"For signing Digitalsign\";\r","}\r","\r","list.push({\"display\": display_sign, \"value\" : \"sign\"});\r","\r","if($data.is_module_enabled == \"1\"){\r","    list.push({\"display\": display_sign_yousign, \"value\" : \"sign_yousign\"});\r","    list.push({\"display\": display_sign_yousign_advanced, \"value\" : \"sign_yousign_advanced\"});\r","}\r","\r","if($data.is_pastell_enabled == \"1\"){\r","    list.push({\"display\": display_sign_pastell, \"value\" : \"sign_pastell\"});\r","}\r","\r","if($data.is_digitalsign_enabled == \"1\"){\r","    list.push({\"display\": display_sign_digitalsign, \"value\" : \"sign_digitalsign\"});\r","}\r","\r","return list;\r"],"exposed":false},"position_signature":{"type":"expression","value":["let position_signature = {\r","    \"fr\": [\r","        {\"display\": \"Première page, haut gauche\", \"value\" : \"f-t-l\"},\r","        {\"display\": \"Première page, haut droit\", \"value\" : \"f-t-r\"},\r","        {\"display\": \"Première page, bas gauche\", \"value\" : \"f-b-l\"},\r","        {\"display\": \"Première page, bas droit\", \"value\" : \"f-b-r\"},\r","        {\"display\": \"Dernière page, haut gauche\", \"value\" : \"l-t-l\"},\r","        {\"display\": \"Dernière page, haut droit\", \"value\" : \"l-t-r\"},\r","        {\"display\": \"Dernière page, bas gauche\", \"value\" : \"l-b-l\"},\r","        {\"display\": \"Dernière page, bas droit\", \"value\" : \"l-b-r\"},\r","        {\"display\": \"Dernière page, milieu haut\", \"value\" : \"l-t-m\"},\r","        {\"display\": \"Dernière page, milieu bas\", \"value\" : \"l-b-m\"}\r","    ],\r","    \"en\": [\r","        {\"display\": \"First page, top left\", \"value\" : \"f-t-l\"},\r","        {\"display\": \"First page, top right\", \"value\" : \"f-t-r\"},\r","        {\"display\": \"First page, bottom left\", \"value\" : \"f-b-l\"},\r","        {\"display\": \"First page, bottom right\", \"value\" : \"f-b-r\"},\r","        {\"display\": \"Last page, top left\", \"value\" : \"l-t-l\"},\r","        {\"display\": \"Last page, top right\", \"value\" : \"l-t-r\"},\r","        {\"display\": \"Last page, bottom left\", \"value\" : \"l-b-l\"},\r","        {\"display\": \"Last page, bottom right\", \"value\" : \"l-b-r\"},\r","        {\"display\": \"Last page, middle top\", \"value\" : \"l-t-m\"},\r","        {\"display\": \"Last page, middle bottom\", \"value\" : \"l-b-m\"}\r","    ]\r","};\r","\r","return position_signature[$data.langcode];"],"exposed":false},"new_profil_name":{"type":"constant","exposed":false},"collectionAttributionsSignature":{"type":"json","value":["[]"],"exposed":false},"collectionAttributions":{"type":"json","value":["[]"],"exposed":false},"uids_url_signers":{"type":"expression","value":["if($data.fieldsFilled == true){","    var attributionsOutput = \"\";","    ","    var attributions_signature = $data.collectionAttributionsSignature;","    for(var i in attributions_signature){","        if(attributions_signature[i].type == \"sign_yousign\" || attributions_signature[i].type == \"sign_yousign_advanced\")","        attributionsOutput += attributions_signature[i].uid + \";\";","    }","   ","    ","    return attributionsOutput;","}","","function validatePhone(num){","\tif(num.indexOf('+33')!=-1) num = num.replace('+33', '0');","\tvar re = /^0[1-7]\\d{8}$/;","\treturn re.test(num);","}"],"exposed":false},"transformationSelectValuesSelected":{"type":"constant","value":["no"],"exposed":false},"action_profil":{"type":"urlparameter","value":["action_profil"],"exposed":false},"collectionDocuments":{"type":"expression","value":["var object_nids = [];","","for (var i in $data.array_nids){","    if ($data.array_nids[i] != \"\"){","        var nid = $data.array_nids[i].split(\"`\")[0];","        var title = $data.array_nids[i].split(\"`\")[1];","        object_nids.push({\"nid\": nid, \"title\": title});","    }","}","","if(object_nids.length == 0){","    object_nids = [null]","}","","return object_nids;"],"exposed":false},"save_existing_profil":{"type":"expression","value":["//document.addEventListener(\"DOMContentLoaded\", function(event) { ","    var save_current_button = document.getElementsByClassName(\"save-current-profil\")[0].getElementsByTagName(\"button\")[0];","    save_current_button.onclick = saveCurrentFormProfilClick;","","//});","","","","function saveCurrentFormProfilClick(){","    saveCurrentFormProfil();","}","","function saveCurrentFormProfil(){","    //load selected profil","     if($data.selected_wf_profil != \"null\" && $data.selected_wf_profil !== undefined){","           for(var i in $data.list_wf_profils){","               if($data.list_wf_profils[i].id == $data.selected_wf_profil){","                  var selected_profil = $data.list_wf_profils[i]","               }    ","           }","     }","    var json_data = {id: $data.selected_wf_profil, name: $data.new_profil_name, value: $data.formOutput, type_wf : $data.processInfos[\"process_name\"], version_wf : $data.processInfos[\"process_version\"], spaces: $data.space_profil }","    var $ = window.parent.parent.jQuery;","    $.ajax({ url: '../../../../../../../api/workflow/profil', contentType : \"application/json\", dataType: 'json', data:JSON.stringify(json_data), type: 'PATCH', success: function(result) {","        window.parent.parent.Gofast.toast(window.parent.parent.Drupal.t(\"Your process model has been saved.\", {}, {context: \"gofast:gofast_workflows\"}), \"success\");","        window.parent.parent.Drupal.gofast_workflows.reload_rapide_dashboard();","        window.parent.parent.Gofast.closeModal();","    }});","}"],"exposed":false},"uids_url":{"type":"expression","value":["if($data.fieldsFilled == true){","    var attributions = $data.collectionAttributions;","    var attributionsOutput = \"\";","    for(var i in attributions){","        attributionsOutput += attributions[i].uid + \";\";","    }","    ","    var attributions_validate = $data.collectionAttributionsValidation;","    for(var i in attributions_validate){","        attributionsOutput += attributions_validate[i].uid + \";\";","    }","    ","    var attributions_signature = $data.collectionAttributionsSignature;","    for(var i in attributions_signature){","        attributionsOutput += attributions_signature[i].uid + \";\";","    }","    ","    return attributionsOutput;","}"],"exposed":false},"nids_url":{"type":"expression","value":["if($data.fieldsFilled == true){","    var documents = $data.collectionDocuments;","    var documentsOutput = \"\";","    for(var i in documents){","        documentsOutput+= documents[i].nid + \";\";","    }","    ","    return documentsOutput;","}"],"exposed":false},"id_profil":{"type":"urlparameter","value":["id_profil"],"exposed":false},"assignationTypes":{"type":"expression","value":["/*if ($data.langcode == \"fr\"){","    return JSON.parse('[{\"display\": \"Pour contribution\", \"value\" : \"contribute\"}, {\"display\": \"Pour commentaire\", \"value\" : \"comment\"}, {\"display\": \"Pour validation\", \"value\" : \"validate\"}, {\"display\": \"Pour signature\", \"value\" : \"sign\"}, {\"display\": \"Pour information\", \"value\" : \"inform\"}, {\"display\": \"Etape supplémentaire\", \"value\" : \"custom\"}]');","}else if($data.langcode == \"nl\"){","    return JSON.parse('[{\"display\": \"{{list.contribute.attributions}}\", \"value\" : \"contribute\"}, {\"display\": \"Pour commentaire\", \"value\" : \"comment\"}, {\"display\": \"Pour validation\", \"value\" : \"validate\"}, {\"display\": \"Pour signature\", \"value\" : \"sign\"}, {\"display\": \"Pour information\", \"value\" : \"inform\"}, {\"display\": \"Etape supplémentaire\", \"value\" : \"custom\"}]');","}else{","    return JSON.parse('[{\"display\": \"For contribution\", \"value\" : \"contribute\"}, {\"display\": \"For comment\", \"value\" : \"comment\"}, {\"display\": \"For validation\", \"value\" : \"validate\"}, {\"display\": \"For signature\", \"value\" : \"sign\"}, {\"display\": \"For information\", \"value\" : \"inform\"}, {\"display\": \"Custom step\", \"value\" : \"custom\"}]');","}*/","","","if ($data.langcode == \"fr\"){","    return JSON.parse('[{\"display\": \"Pour contribution\", \"value\" : \"contribute\"}, {\"display\": \"Pour commentaire\", \"value\" : \"comment\"}, {\"display\": \"Pour information\", \"value\" : \"inform\"}]');","}else if($data.langcode == \"nl\"){","    return JSON.parse('[{\"display\": \"{{list.contribute.attributions}}\", \"value\" : \"contribute\"}, {\"display\": \"Pour commentaire\", \"value\" : \"comment\"}, {\"display\": \"Pour information\", \"value\" : \"inform\"}]');","}else{","    return JSON.parse('[{\"display\": \"For contribution\", \"value\" : \"contribute\"}, {\"display\": \"For comment\", \"value\" : \"comment\"}, {\"display\": \"For information\", \"value\" : \"inform\"}]');","}"],"exposed":false},"nids":{"type":"urlparameter","value":["nids"],"exposed":false},"resize":{"type":"expression","value":["if(window.parent.parent.window.innerWidth < 1025){","","window.parent.parent.window.jQuery(\"#modal-content\").css(\"max-width\", \"none\");","window.parent.parent.window.jQuery(\"#modal-content\").css(\"width\", (window.parent.parent.window.innerWidth-10) + \"px\");","","window.parent.parent.window.jQuery(\"#modal-content\").css(\"max-height\", \"none\");","window.parent.parent.window.jQuery(\"#modal-content\").css(\"height\", (window.parent.parent.window.innerHeight-50) + \"px\");","","window.parent.parent.window.jQuery(\"#bonita_form\").css(\"height\", (window.parent.parent.window.innerHeight-50) + \"px\");","","","jQuery(\"iframe\").css(\"height\", (window.parent.parent.window.innerHeight-50) + \"px\");","","setTimeout(function(){","            jQuery(\"iframe\").css(\"height\", (window.parent.parent.window.innerHeight-150) + \"px\");","}, 1000);","","","window.parent.parent.window.modalContentResize();","","window.parent.parent.window.jQuery(\".modal-content > .ui-resizable\").css(\"width\", (window.parent.parent.window.innerWidth-10) + \"px\");","window.parent.parent.window.jQuery(\"#modal-content\").css(\"width\", \"auto\");","window.parent.parent.window.jQuery(\"#modal-content\").css(\"max-width\", \"none\");","window.parent.parent.window.jQuery(\".modal-content > .ui-resizable\").css(\"height\", (window.parent.parent.window.innerHeight-50) + \"px\");","window.parent.parent.window.jQuery(\"#modal-content\").css(\"height\", \"auto\");","}"],"exposed":false},"can_sign":{"type":"url","value":["../../../../../../../signature/yousign/api/validate/procedure/?type_file_param=node&uid={{uids_url_signers}}&nids={{nids_url}}&phones={{phones_uids_signers}}&transformation_pdf={{transformationSelectValuesSelected}}"],"exposed":false},"typeSignataire":{"type":"expression","value":["if ($data.langcode == \"fr\"){","    if($data.is_module_enabled != 1){","        return JSON.parse('[{\"display\": \"Utilisateur\", \"value\" : false}]');","    }else{","        return JSON.parse('[{\"display\": \"Utilisateur\", \"value\" : false}, {\"display\": \"Contact\", \"value\" : true}]');","    }","} else {","     if($data.is_module_enabled != 1){","        return JSON.parse('[{\"display\": \"User\", \"value\" : false}]');","    }else{","        return JSON.parse('[{\"display\": \"User\", \"value\" : false}, {\"display\": \"Contact\", \"value\" : true}]');","    }  ","}"],"exposed":false},"disableAutoComplete":{"type":"expression","value":["setTimeout(function(){","    document.getElementsByTagName(\"form\")[0].setAttribute(\"autocomplete\", \"off\");","}, 1500);","","return false;"],"exposed":false},"is_digitalsign_enabled":{"type":"url","value":["../../../../../../../digitalsign/api/check/module"],"advancedOptions":{},"exposed":false},"prevent_same_signature_position":{"type":"expression","value":["","if($data.collectionAttributionsSignature.length > 1){","    //check if there is not a position choose multiple time","    var already_select = new Array();","    $data.collectionAttributionsSignature.forEach(function (item) {","        if(item.position_signature !== null){","            already_select.push(item.position_signature);","        }","    });","    if(hasDuplicates(already_select) == true){","        $data.is_duplicate_signature_position = 1;","    }else{","        $data.is_duplicate_signature_position = 0;","    }","}","","function hasDuplicates(array) {","    return (new Set(array)).size !== array.length;","}"],"exposed":false},"is_duplicate_signature_position":{"type":"constant","value":["0"],"exposed":false},"space_profil":{"type":"json","value":["[]"],"exposed":false},"can_sign_digitalsign":{"type":"expression","value":["if (","  !$data.collectionAttributionsSignature.length ||","  !$data.collectionDocuments.length ||","  $data.transformationSelectValuesSelected == \"signature\"",") {","  return 0;","}","","const removeNumberAtEnd = (title) => title.replace(/\\(\\d+\\)$/, '').trim();","","const hasDigitalSign = $data.collectionAttributionsSignature.some(","  (item) => item.type === \"sign_digitalsign\"",");","","const hasNonPdfDocument = $data.collectionDocuments.some(","  (item) => !removeNumberAtEnd(item.title).endsWith(\".pdf\")",");","","if (hasDigitalSign && hasNonPdfDocument) {","  if ($data.langcode == \"fr\") {","    return \"Seuls des documents au format .pdf peuvent être signés avec DigitalSign\";","  }","  return \"Only .pdf files can be signed with DigitalSign\";","} else {","  return 0;","}"],"exposed":false}},"hasValidationError":false,"uuid":"dc93de8d-c640-4837-a05b-d7c825fe777a","type":"form","description":"Page generated with Bonita UI designer"}