{
  "designerVersion" : "1.7.69",
  "id" : "standardInit",
  "name" : "standardInit",
  "lastUpdate" : 1551355561947,
  "rows" : [ [ {
    "type" : "formContainer",
    "dimension" : {
      "xs" : 12
    },
    "propertyValues" : {
      "cssClasses" : {
        "type" : "constant",
        "value" : ""
      },
      "hidden" : {
        "type" : "constant",
        "value" : false
      }
    },
    "reference" : "9ce4602b-827d-4f7b-bae1-70785f176b94",
    "id" : "pbFormContainer",
    "container" : {
      "type" : "container",
      "dimension" : {
        "xs" : 12
      },
      "propertyValues" : { },
      "reference" : "ce6a02d2-5735-4c1a-8ce0-98abf0a1ee9f",
      "id" : "pbContainer",
      "rows" : [ [ {
        "type" : "container",
        "dimension" : {
          "xs" : 12
        },
        "propertyValues" : {
          "cssClasses" : {
            "type" : "constant",
            "value" : "thumbnail"
          },
          "hidden" : {
            "type" : "constant",
            "value" : false
          },
          "repeatedCollection" : {
            "type" : "variable",
            "value" : ""
          }
        },
        "reference" : "9bcbd250-06b1-45ad-9583-94d205d4bf8c",
        "id" : "pbContainer",
        "rows" : [ [ {
          "type" : "component",
          "dimension" : {
            "xs" : 6
          },
          "propertyValues" : {
            "cssClasses" : {
              "type" : "constant",
              "value" : ""
            },
            "widgetId" : {
              "type" : "constant",
              "value" : "pbInput"
            },
            "isDisplayed" : {
              "type" : "constant",
              "value" : true
            },
            "labelWidth" : {
              "type" : "constant",
              "value" : 1
            },
            "label" : {
              "type" : "interpolation",
              "value" : "{{\"label.processTitle\" | gfTranslate}}"
            },
            "type" : {
              "type" : "constant",
              "value" : "text"
            },
            "required" : {
              "type" : "constant",
              "value" : true
            },
            "labelHidden" : {
              "type" : "constant",
              "value" : false
            },
            "readonly" : {
              "type" : "constant",
              "value" : false
            },
            "labelPosition" : {
              "type" : "constant",
              "value" : "top"
            },
            "placeholder" : {
              "type" : "constant"
            },
            "alignment" : {
              "type" : "constant",
              "value" : "left"
            },
            "class" : {
              "type" : "constant",
              "value" : "org.bonitasoft.web.designer.experimental.parametrizedWidget.InputWidget"
            },
            "dimension" : {
              "type" : "constant",
              "value" : 12
            },
            "value" : {
              "type" : "variable",
              "value" : "formInput.processInitInput.title"
            },
            "hidden" : {
              "type" : "constant",
              "value" : false
            },
            "minLength" : {
              "type" : "constant",
              "value" : ""
            },
            "maxLength" : {
              "type" : "constant",
              "value" : ""
            },
            "readOnly" : {
              "type" : "constant",
              "value" : false
            },
            "min" : {
              "type" : "constant"
            },
            "max" : {
              "type" : "constant"
            },
            "step" : {
              "type" : "constant",
              "value" : 1
            }
          },
          "reference" : "35211dd3-3d3f-47a4-a61a-b6ed6787fd52",
          "id" : "pbInput"
        }, {
          "type" : "component",
          "dimension" : {
            "xs" : 6
          },
          "propertyValues" : {
            "dateFormat" : {
              "type" : "constant",
              "value" : "MM/dd/yyyy"
            },
            "cssClasses" : {
              "type" : "constant",
              "value" : ""
            },
            "widgetId" : {
              "type" : "constant",
              "value" : "pbDatePicker"
            },
            "isDisplayed" : {
              "type" : "constant",
              "value" : true
            },
            "labelWidth" : {
              "type" : "constant",
              "value" : 1
            },
            "label" : {
              "type" : "interpolation",
              "value" : "{{\"label.deadline\" | gfTranslate}}"
            },
            "type" : {
              "type" : "constant"
            },
            "required" : {
              "type" : "constant",
              "value" : true
            },
            "todayLabel" : {
              "type" : "constant",
              "value" : "Today"
            },
            "labelHidden" : {
              "type" : "constant",
              "value" : false
            },
            "readonly" : {
              "type" : "constant",
              "value" : false
            },
            "showToday" : {
              "type" : "constant",
              "value" : true
            },
            "labelPosition" : {
              "type" : "constant",
              "value" : "top"
            },
            "placeholder" : {
              "type" : "constant",
              "value" : ""
            },
            "alignment" : {
              "type" : "constant",
              "value" : "left"
            },
            "class" : {
              "type" : "constant",
              "value" : "org.bonitasoft.web.designer.experimental.parametrizedWidget.DatePickerWidget"
            },
            "dimension" : {
              "type" : "constant",
              "value" : 12
            },
            "value" : {
              "type" : "variable",
              "value" : "formInput.processInitInput.deadline"
            },
            "hidden" : {
              "type" : "constant",
              "value" : false
            },
            "readOnly" : {
              "type" : "constant",
              "value" : false
            }
          },
          "reference" : "f761a339-26e5-4126-9a8d-ce3c83e09533",
          "id" : "pbDatePicker"
        } ], [ {
          "type" : "component",
          "dimension" : {
            "xs" : 12
          },
          "propertyValues" : {
            "cssClasses" : {
              "type" : "constant",
              "value" : ""
            },
            "hidden" : {
              "type" : "constant",
              "value" : false
            },
            "readOnly" : {
              "type" : "constant",
              "value" : false
            },
            "required" : {
              "type" : "constant",
              "value" : false
            },
            "minLength" : {
              "type" : "constant",
              "value" : ""
            },
            "maxLength" : {
              "type" : "constant",
              "value" : ""
            },
            "labelHidden" : {
              "type" : "constant",
              "value" : false
            },
            "label" : {
              "type" : "interpolation",
              "value" : "{{\"label.comment\" | gfTranslate}}"
            },
            "labelPosition" : {
              "type" : "constant",
              "value" : "top"
            },
            "labelWidth" : {
              "type" : "constant",
              "value" : 4
            },
            "value" : {
              "type" : "variable",
              "value" : "formInput.processInitInput.comment"
            }
          },
          "reference" : "584732ac-9c14-486c-89c8-753095c2d4cd",
          "id" : "pbTextarea"
        } ], [ {
          "type" : "component",
          "dimension" : {
            "xs" : 12
          },
          "propertyValues" : {
            "cssClasses" : {
              "type" : "constant",
              "value" : ""
            },
            "hidden" : {
              "type" : "constant",
              "value" : false
            },
            "allowHTML" : {
              "type" : "constant",
              "value" : true
            },
            "text" : {
              "type" : "interpolation",
              "value" : "<hr />"
            },
            "alignment" : {
              "type" : "constant",
              "value" : "left"
            }
          },
          "reference" : "cbd09e44-e77b-41c3-b33f-831512f520a1",
          "id" : "pbText"
        } ], [ {
          "type" : "component",
          "dimension" : {
            "xs" : 2
          },
          "propertyValues" : {
            "labelHidden" : {
              "type" : "constant",
              "value" : false
            },
            "readonly" : {
              "type" : "constant",
              "value" : false
            },
            "level" : {
              "type" : "constant",
              "value" : "Level 4"
            },
            "cssClasses" : {
              "type" : "constant",
              "value" : ""
            },
            "widgetId" : {
              "type" : "constant",
              "value" : "pbTitle"
            },
            "isDisplayed" : {
              "type" : "constant",
              "value" : true
            },
            "label" : {
              "type" : "interpolation"
            },
            "text" : {
              "type" : "interpolation",
              "value" : "{{\"header.documents\" | gfTranslate}}"
            },
            "alignment" : {
              "type" : "constant",
              "value" : "left"
            },
            "class" : {
              "type" : "constant",
              "value" : "org.bonitasoft.web.designer.experimental.parametrizedWidget.TitleWidget"
            },
            "dimension" : {
              "type" : "constant",
              "value" : 12
            },
            "hidden" : {
              "type" : "constant",
              "value" : false
            }
          },
          "reference" : "3e1d337f-c17e-438b-948b-c993a8eb326c",
          "id" : "pbTitle"
        }, {
          "type" : "component",
          "dimension" : {
            "xs" : 10
          },
          "propertyValues" : {
            "removeItem" : {
              "type" : "variable"
            },
            "cssClasses" : {
              "type" : "constant",
              "value" : ""
            },
            "widgetId" : {
              "type" : "constant",
              "value" : "pbButton"
            },
            "buttonStyle" : {
              "type" : "constant",
              "value" : "success"
            },
            "isDisplayed" : {
              "type" : "constant",
              "value" : true
            },
            "label" : {
              "type" : "interpolation",
              "value" : "+"
            },
            "dataToSend" : {
              "type" : "expression"
            },
            "labelHidden" : {
              "type" : "constant",
              "value" : false
            },
            "readonly" : {
              "type" : "constant",
              "value" : false
            },
            "collectionPosition" : {
              "type" : "constant"
            },
            "targetUrlOnSuccess" : {
              "type" : "interpolation"
            },
            "action" : {
              "type" : "constant",
              "value" : "Add to collection"
            },
            "collectionToModify" : {
              "type" : "variable",
              "value" : "collectionDocuments"
            },
            "valueToAdd" : {
              "type" : "expression",
              "value" : ""
            },
            "disabled" : {
              "type" : "constant",
              "value" : false
            },
            "alignment" : {
              "type" : "constant",
              "value" : "left"
            },
            "class" : {
              "type" : "constant",
              "value" : "org.bonitasoft.web.designer.experimental.parametrizedWidget.ButtonWidget"
            },
            "dimension" : {
              "type" : "constant",
              "value" : 12
            },
            "hidden" : {
              "type" : "constant",
              "value" : false
            },
            "url" : {
              "type" : "interpolation"
            },
            "dataFromSuccess" : {
              "type" : "variable"
            },
            "dataFromError" : {
              "type" : "variable"
            }
          },
          "reference" : "f382e169-ffe3-4644-83ce-98785f462ab2",
          "id" : "pbButton"
        } ], [ {
          "type" : "container",
          "dimension" : {
            "xs" : 12
          },
          "propertyValues" : {
            "repeatedCollection" : {
              "type" : "variable",
              "value" : "collectionDocuments"
            },
            "labelHidden" : {
              "type" : "constant",
              "value" : false
            },
            "readonly" : {
              "type" : "constant",
              "value" : false
            },
            "cssClasses" : {
              "type" : "constant",
              "value" : ""
            },
            "widgetId" : {
              "type" : "constant"
            },
            "isDisplayed" : {
              "type" : "constant",
              "value" : true
            },
            "label" : {
              "type" : "interpolation"
            },
            "alignment" : {
              "type" : "constant",
              "value" : "left"
            },
            "class" : {
              "type" : "constant",
              "value" : "org.bonitasoft.web.designer.experimental.parametrizedWidget.WidgetContainer"
            },
            "dimension" : {
              "type" : "constant",
              "value" : 12
            },
            "hidden" : {
              "type" : "constant",
              "value" : false
            }
          },
          "reference" : "a437f04a-5d2e-45b7-b278-ba48f2b6d096",
          "id" : "pbContainer",
          "rows" : [ [ {
            "type" : "component",
            "dimension" : {
              "xs" : 11
            },
            "propertyValues" : {
              "cssClasses" : {
                "type" : "constant",
                "value" : ""
              },
              "hidden" : {
                "type" : "constant",
                "value" : false
              },
              "readOnly" : {
                "type" : "expression",
                "value" : "array_nids.includes($item.nid + \"`\" + $item.title);"
              },
              "labelHidden" : {
                "type" : "constant",
                "value" : true
              },
              "label" : {
                "type" : "interpolation",
                "value" : ""
              },
              "labelPosition" : {
                "type" : "constant",
                "value" : "left"
              },
              "labelWidth" : {
                "type" : "constant"
              },
              "placeholder" : {
                "type" : "interpolation",
                "value" : "{{\"placeholder.documents\" | gfTranslate}}"
              },
              "value" : {
                "type" : "variable",
                "value" : "$item.nid"
              },
              "type" : {
                "type" : "constant",
                "value" : "node"
              },
              "bundles" : {
                "type" : "constant",
                "value" : "alfresco_item"
              },
              "currentTitle" : {
                "type" : "variable",
                "value" : "$item.title"
              }
            },
            "reference" : "76981757-fb4c-4f8f-b044-5e51ea4fdc8b",
            "id" : "customGofastAutocomplete"
          }, {
            "type" : "component",
            "dimension" : {
              "xs" : 1
            },
            "propertyValues" : {
              "removeItem" : {
                "type" : "variable",
                "value" : "$item"
              },
              "cssClasses" : {
                "type" : "constant",
                "value" : ""
              },
              "widgetId" : {
                "type" : "constant",
                "value" : "pbButton"
              },
              "buttonStyle" : {
                "type" : "constant",
                "value" : "danger"
              },
              "isDisplayed" : {
                "type" : "constant",
                "value" : true
              },
              "label" : {
                "type" : "interpolation",
                "value" : "<i class=\"fa fa-trash\"></i>"
              },
              "dataToSend" : {
                "type" : "expression"
              },
              "labelHidden" : {
                "type" : "constant",
                "value" : false
              },
              "readonly" : {
                "type" : "constant",
                "value" : false
              },
              "collectionPosition" : {
                "type" : "constant",
                "value" : "Item"
              },
              "targetUrlOnSuccess" : {
                "type" : "interpolation"
              },
              "action" : {
                "type" : "constant",
                "value" : "Remove from collection"
              },
              "collectionToModify" : {
                "type" : "variable",
                "value" : "$collection"
              },
              "valueToAdd" : {
                "type" : "expression"
              },
              "disabled" : {
                "type" : "constant",
                "value" : false
              },
              "alignment" : {
                "type" : "constant",
                "value" : "left"
              },
              "class" : {
                "type" : "constant",
                "value" : "org.bonitasoft.web.designer.experimental.parametrizedWidget.ButtonWidget"
              },
              "dimension" : {
                "type" : "constant",
                "value" : 12
              },
              "hidden" : {
                "type" : "constant",
                "value" : false
              },
              "url" : {
                "type" : "interpolation"
              },
              "dataFromSuccess" : {
                "type" : "variable"
              },
              "dataFromError" : {
                "type" : "variable"
              }
            },
            "reference" : "96ca20f5-4e32-4eac-ad48-0e30fefe03c4",
            "id" : "pbButton"
          } ] ]
        } ], [ {
          "type" : "component",
          "dimension" : {
            "xs" : 12
          },
          "propertyValues" : {
            "cssClasses" : {
              "type" : "constant",
              "value" : ""
            },
            "hidden" : {
              "type" : "constant",
              "value" : false
            },
            "allowHTML" : {
              "type" : "constant",
              "value" : true
            },
            "text" : {
              "type" : "interpolation",
              "value" : "<hr />"
            },
            "alignment" : {
              "type" : "constant",
              "value" : "left"
            }
          },
          "reference" : "14534e03-ff92-4d31-a170-fb078182b949",
          "id" : "pbText"
        } ], [ {
          "type" : "component",
          "dimension" : {
            "xs" : 2
          },
          "propertyValues" : {
            "labelHidden" : {
              "type" : "constant",
              "value" : false
            },
            "readonly" : {
              "type" : "constant",
              "value" : false
            },
            "level" : {
              "type" : "constant",
              "value" : "Level 4"
            },
            "cssClasses" : {
              "type" : "constant",
              "value" : ""
            },
            "widgetId" : {
              "type" : "constant",
              "value" : "pbTitle"
            },
            "isDisplayed" : {
              "type" : "constant",
              "value" : true
            },
            "label" : {
              "type" : "interpolation"
            },
            "text" : {
              "type" : "interpolation",
              "value" : "{{\"header.attributions\" | gfTranslate}}"
            },
            "alignment" : {
              "type" : "constant",
              "value" : "left"
            },
            "class" : {
              "type" : "constant",
              "value" : "org.bonitasoft.web.designer.experimental.parametrizedWidget.TitleWidget"
            },
            "dimension" : {
              "type" : "constant",
              "value" : 12
            },
            "hidden" : {
              "type" : "constant",
              "value" : false
            }
          },
          "reference" : "f6d7a4a4-f52f-44ea-95cb-c5988bbc2455",
          "id" : "pbTitle"
        }, {
          "type" : "component",
          "dimension" : {
            "xs" : 10
          },
          "propertyValues" : {
            "removeItem" : {
              "type" : "variable"
            },
            "cssClasses" : {
              "type" : "constant",
              "value" : ""
            },
            "widgetId" : {
              "type" : "constant",
              "value" : "pbButton"
            },
            "buttonStyle" : {
              "type" : "constant",
              "value" : "success"
            },
            "isDisplayed" : {
              "type" : "constant",
              "value" : true
            },
            "label" : {
              "type" : "interpolation",
              "value" : "+"
            },
            "dataToSend" : {
              "type" : "expression"
            },
            "labelHidden" : {
              "type" : "constant",
              "value" : false
            },
            "readonly" : {
              "type" : "constant",
              "value" : false
            },
            "collectionPosition" : {
              "type" : "constant"
            },
            "targetUrlOnSuccess" : {
              "type" : "interpolation"
            },
            "action" : {
              "type" : "constant",
              "value" : "Add to collection"
            },
            "collectionToModify" : {
              "type" : "variable",
              "value" : "collectionAttributions"
            },
            "valueToAdd" : {
              "type" : "expression",
              "value" : ""
            },
            "disabled" : {
              "type" : "constant",
              "value" : false
            },
            "alignment" : {
              "type" : "constant",
              "value" : "left"
            },
            "class" : {
              "type" : "constant",
              "value" : "org.bonitasoft.web.designer.experimental.parametrizedWidget.ButtonWidget"
            },
            "dimension" : {
              "type" : "constant",
              "value" : 12
            },
            "hidden" : {
              "type" : "constant",
              "value" : false
            },
            "url" : {
              "type" : "interpolation"
            },
            "dataFromSuccess" : {
              "type" : "variable"
            },
            "dataFromError" : {
              "type" : "variable"
            }
          },
          "reference" : "4d5060ba-8b6f-45c8-ab5e-62fba7a7d303",
          "id" : "pbButton"
        } ], [ {
          "type" : "container",
          "dimension" : {
            "xs" : 12
          },
          "propertyValues" : {
            "repeatedCollection" : {
              "type" : "variable",
              "value" : "collectionAttributions"
            },
            "labelHidden" : {
              "type" : "constant",
              "value" : false
            },
            "readonly" : {
              "type" : "constant",
              "value" : false
            },
            "cssClasses" : {
              "type" : "constant",
              "value" : ""
            },
            "widgetId" : {
              "type" : "constant"
            },
            "isDisplayed" : {
              "type" : "constant",
              "value" : true
            },
            "label" : {
              "type" : "interpolation"
            },
            "alignment" : {
              "type" : "constant",
              "value" : "left"
            },
            "class" : {
              "type" : "constant",
              "value" : "org.bonitasoft.web.designer.experimental.parametrizedWidget.WidgetContainer"
            },
            "dimension" : {
              "type" : "constant",
              "value" : 12
            },
            "hidden" : {
              "type" : "constant",
              "value" : false
            }
          },
          "reference" : "8135e982-b693-4831-8043-90a848da5626",
          "id" : "pbContainer",
          "rows" : [ [ {
            "type" : "component",
            "dimension" : {
              "xs" : 7
            },
            "propertyValues" : {
              "cssClasses" : {
                "type" : "constant",
                "value" : ""
              },
              "hidden" : {
                "type" : "constant",
                "value" : false
              },
              "readOnly" : {
                "type" : "constant",
                "value" : false
              },
              "labelHidden" : {
                "type" : "constant",
                "value" : true
              },
              "label" : {
                "type" : "interpolation",
                "value" : ""
              },
              "labelPosition" : {
                "type" : "constant",
                "value" : "left"
              },
              "labelWidth" : {
                "type" : "constant"
              },
              "placeholder" : {
                "type" : "interpolation",
                "value" : "{{\"placeholder.attributions\" | gfTranslate}}"
              },
              "value" : {
                "type" : "variable",
                "value" : "$item.uid"
              },
              "type" : {
                "type" : "constant",
                "value" : "user"
              },
              "bundles" : {
                "type" : "constant",
                "value" : ""
              },
              "currentTitle" : {
                "type" : "variable",
                "value" : "$item.title"
              }
            },
            "reference" : "f82574c7-5e18-4b20-8b39-ddd0a78f5207",
            "id" : "customGofastAutocomplete"
          }, {
            "type" : "component",
            "dimension" : {
              "xs" : 4
            },
            "propertyValues" : {
              "cssClasses" : {
                "type" : "constant",
                "value" : ""
              },
              "hidden" : {
                "type" : "constant",
                "value" : false
              },
              "disabled" : {
                "type" : "constant",
                "value" : false
              },
              "required" : {
                "type" : "constant",
                "value" : true
              },
              "labelHidden" : {
                "type" : "constant",
                "value" : true
              },
              "label" : {
                "type" : "interpolation",
                "value" : ""
              },
              "labelPosition" : {
                "type" : "constant",
                "value" : "left"
              },
              "labelWidth" : {
                "type" : "constant"
              },
              "placeholder" : {
                "type" : "interpolation",
                "value" : "{{\"placeholder.list.attributions\" | gfTranslate}}"
              },
              "availableValues" : {
                "type" : "expression",
                "value" : "assignationTypes"
              },
              "displayedKey" : {
                "type" : "constant",
                "value" : "display"
              },
              "returnedKey" : {
                "type" : "constant",
                "value" : "value"
              },
              "value" : {
                "type" : "variable",
                "value" : "$item.type"
              }
            },
            "reference" : "15a93011-c012-4633-b618-c00f524562c0",
            "id" : "pbSelect"
          }, {
            "type" : "component",
            "dimension" : {
              "xs" : 1
            },
            "propertyValues" : {
              "removeItem" : {
                "type" : "variable",
                "value" : "$item"
              },
              "cssClasses" : {
                "type" : "constant",
                "value" : ""
              },
              "widgetId" : {
                "type" : "constant",
                "value" : "pbButton"
              },
              "buttonStyle" : {
                "type" : "constant",
                "value" : "danger"
              },
              "isDisplayed" : {
                "type" : "constant",
                "value" : true
              },
              "label" : {
                "type" : "interpolation",
                "value" : "<i class=\"fa fa-trash\"></i>"
              },
              "dataToSend" : {
                "type" : "expression"
              },
              "labelHidden" : {
                "type" : "constant",
                "value" : false
              },
              "readonly" : {
                "type" : "constant",
                "value" : false
              },
              "collectionPosition" : {
                "type" : "constant",
                "value" : "Item"
              },
              "targetUrlOnSuccess" : {
                "type" : "interpolation"
              },
              "action" : {
                "type" : "constant",
                "value" : "Remove from collection"
              },
              "collectionToModify" : {
                "type" : "variable",
                "value" : "$collection"
              },
              "valueToAdd" : {
                "type" : "expression"
              },
              "disabled" : {
                "type" : "constant",
                "value" : false
              },
              "alignment" : {
                "type" : "constant",
                "value" : "left"
              },
              "class" : {
                "type" : "constant",
                "value" : "org.bonitasoft.web.designer.experimental.parametrizedWidget.ButtonWidget"
              },
              "dimension" : {
                "type" : "constant",
                "value" : 12
              },
              "hidden" : {
                "type" : "constant",
                "value" : false
              },
              "url" : {
                "type" : "interpolation"
              },
              "dataFromSuccess" : {
                "type" : "variable"
              },
              "dataFromError" : {
                "type" : "variable"
              }
            },
            "reference" : "e68ab458-d58b-4a44-af20-b7299e18c0d2",
            "id" : "pbButton"
          } ] ]
        } ], [ {
          "type" : "component",
          "dimension" : {
            "xs" : 12
          },
          "propertyValues" : {
            "removeItem" : {
              "type" : "variable"
            },
            "cssClasses" : {
              "type" : "constant",
              "value" : ""
            },
            "widgetId" : {
              "type" : "constant",
              "value" : "pbButton"
            },
            "buttonStyle" : {
              "type" : "constant",
              "value" : "primary"
            },
            "isDisplayed" : {
              "type" : "constant",
              "value" : true
            },
            "label" : {
              "type" : "interpolation",
              "value" : "{{\"button.submit\" | gfTranslate}}"
            },
            "dataToSend" : {
              "type" : "expression",
              "value" : "formOutput"
            },
            "labelHidden" : {
              "type" : "constant",
              "value" : false
            },
            "readonly" : {
              "type" : "constant",
              "value" : false
            },
            "collectionPosition" : {
              "type" : "constant"
            },
            "targetUrlOnSuccess" : {
              "type" : "interpolation",
              "value" : "/workflow/success?message=Your document broadcast workflow has been started"
            },
            "action" : {
              "type" : "constant",
              "value" : "Start process"
            },
            "collectionToModify" : {
              "type" : "variable"
            },
            "valueToAdd" : {
              "type" : "expression"
            },
            "disabled" : {
              "type" : "expression",
              "value" : "$form.$invalid"
            },
            "alignment" : {
              "type" : "constant",
              "value" : "center"
            },
            "class" : {
              "type" : "constant",
              "value" : "org.bonitasoft.web.designer.experimental.parametrizedWidget.ButtonWidget"
            },
            "dimension" : {
              "type" : "constant",
              "value" : 12
            },
            "hidden" : {
              "type" : "constant",
              "value" : false
            },
            "url" : {
              "type" : "interpolation"
            },
            "dataFromSuccess" : {
              "type" : "variable",
              "value" : ""
            },
            "dataFromError" : {
              "type" : "variable",
              "value" : ""
            }
          },
          "reference" : "5415963c-42b5-4b79-8843-eb6b5ada7022",
          "id" : "pbButton"
        } ] ]
      } ] ]
    }
  } ] ],
  "assets" : [ {
    "id" : "6712f007-5dbe-493f-b33f-2fe30f242f18",
    "name" : "fa-regular-400.woff",
    "type" : "css",
    "order" : 19,
    "external" : false
  }, {
    "id" : "b705e318-79ea-4495-90dd-9920cc364ca8",
    "name" : "fa-brands-400.woff",
    "type" : "css",
    "order" : 14,
    "external" : false
  }, {
    "id" : "04aa3993-ece3-477a-b59b-c2c4d3a5c503",
    "name" : "fa-all.min.js",
    "type" : "js",
    "order" : 21,
    "external" : false
  }, {
    "id" : "51da62b2-b07e-41ce-b8b7-0e772bab1c8a",
    "name" : "style.css",
    "type" : "css",
    "order" : 0,
    "external" : false
  }, {
    "id" : "39d89486-a547-4f89-b246-ca932f5f5a94",
    "name" : "fa-regular-400.ttf",
    "type" : "css",
    "order" : 18,
    "external" : false
  }, {
    "id" : "4d76e47a-a8f7-4a72-9f44-455901a02db6",
    "name" : "fa-all.min.css",
    "type" : "css",
    "order" : 22,
    "external" : false
  }, {
    "id" : "75b51a4d-bd5a-491a-bbd0-aa6ba0c236ae",
    "name" : "fa-brands-400.eot",
    "type" : "css",
    "order" : 11,
    "external" : false
  }, {
    "id" : "f56c28a2-2a8e-40eb-a3b6-4586b438cc81",
    "name" : "fa-brands-400.ttf",
    "type" : "css",
    "order" : 13,
    "external" : false
  }, {
    "id" : "e101c666-696d-4ec1-a388-61abaaa41206",
    "name" : "fa-regular-400.eot",
    "type" : "css",
    "order" : 16,
    "external" : false
  }, {
    "id" : "f9d3b35d-4408-469e-94c9-2e21c12d167a",
    "name" : "fa-regular-400.woff2",
    "type" : "css",
    "order" : 20,
    "external" : false
  }, {
    "id" : "94f36090-d80e-447d-a947-6e2d92f64d9c",
    "name" : "fa-brands-400.svg",
    "type" : "css",
    "order" : 12,
    "external" : false
  }, {
    "id" : "624ac2a1-30f0-4ec4-84a1-c4ba29a5f23f",
    "name" : "gofast_ui_designer_translate.js",
    "type" : "js",
    "order" : 10,
    "external" : false
  }, {
    "id" : "76cc5649-c1f8-4652-9f6c-866a3ece4fc1",
    "name" : "fa-brands-400.woff2",
    "type" : "css",
    "order" : 15,
    "external" : false
  }, {
    "id" : "37a82483-d0c0-498c-8d8b-83c39b58fce5",
    "name" : "fa-regular-400.svg",
    "type" : "css",
    "order" : 17,
    "external" : false
  } ],
  "inactiveAssets" : [ ],
  "data" : {
    "formInput" : {
      "type" : "json",
      "value" : "{\r\n  \"processInitInput\" : {\r\n    \"nids\" : [ ],\r\n    \"uids_types\" : [ ],\r\n    \"comment\" : \"\",\r\n    \"deadline\" : null,\r\n    \"title\" : \"\"\r\n  }\r\n}",
      "exposed" : false
    },
    "formOutput" : {
      "type" : "expression",
      "value" : "//Get documents and prepare them for the final output\nvar documents = $data.collectionDocuments;\nvar documentsOutput = [];\nfor(var i in documents){\n    documentsOutput.push(documents[i].nid);\n}\n\n//Get attributions and prepare them for the final output\n\nvar attributions = $data.collectionAttributions;\nvar attributionsOutput = [];\nfor(var i in attributions){\n    attributionsOutput.push(JSON.stringify([attributions[i].uid, attributions[i].type]));\n}\n\n//Set and send back the data\nvar output = $data.formInput.processInitInput;\noutput.nids = documentsOutput;\noutput.uids_types = attributionsOutput;\n\nreturn {processInitInput: output};",
      "exposed" : false
    },
    "assignationTypes" : {
      "type" : "expression",
      "value" : "if ($data.langcode == \"fr\"){\n    return JSON.parse('[{\"display\": \"Pour contribution\", \"value\" : \"contribute\"}, {\"display\": \"Pour commentaire\", \"value\" : \"comment\"}, {\"display\": \"Pour validation\", \"value\" : \"validate\"}, {\"display\": \"Pour signature\", \"value\" : \"sign\"}, {\"display\": \"Pour information\", \"value\" : \"inform\"}]');\n}else if($data.langcode == \"nl\"){\n    return JSON.parse('[{\"display\": \"{{list.contribute.attributions}}\", \"value\" : \"contribute\"}, {\"display\": \"Pour commentaire\", \"value\" : \"comment\"}, {\"display\": \"Pour validation\", \"value\" : \"validate\"}, {\"display\": \"Pour signature\", \"value\" : \"sign\"}, {\"display\": \"Pour information\", \"value\" : \"inform\"}]');\n}else{\n    return JSON.parse('[{\"display\": \"For contribution\", \"value\" : \"contribute\"}, {\"display\": \"For comment\", \"value\" : \"comment\"}, {\"display\": \"For validation\", \"value\" : \"validate\"}, {\"display\": \"For signature\", \"value\" : \"sign\"}, {\"display\": \"For information\", \"value\" : \"inform\"}]');\n}",
      "exposed" : false
    },
    "collectionAttributions" : {
      "type" : "json",
      "value" : "[{\"type\":null}]",
      "exposed" : false
    },
    "collectionDocuments" : {
      "type" : "expression",
      "value" : "var object_nids = [];\n\nfor (var i in $data.array_nids){\n    if ($data.array_nids[i] != \"\"){\n        var nid = $data.array_nids[i].split(\"`\")[0];\n        var title = $data.array_nids[i].split(\"`\")[1];\n        object_nids.push({\"nid\": nid, \"title\": title});\n    }\n}\n\nif(object_nids.length == 0){\n    object_nids = [null]\n}\n\nreturn object_nids;",
      "exposed" : false
    },
    "langcode" : {
      "type" : "urlparameter",
      "value" : "locale",
      "exposed" : false
    },
    "nids" : {
      "type" : "urlparameter",
      "value" : "nids",
      "exposed" : false
    },
    "array_nids" : {
      "type" : "expression",
      "value" : "return $data.nids.split(\"|\");",
      "exposed" : false
    }
  },
  "uuid" : "dc93de8d-c640-4837-a05b-d7c825fe777a",
  "type" : "form"
}