{
  "designerVersion" : "1.7.69",
  "id" : "customProcessHistory",
  "name" : "ProcessHistory",
  "lastUpdate" : 1551693240705,
  "template" : "<!-- view -->\n  <timeline>\n   <ul class=\"timeline\" ng-transclude=\"\">\n    <timeline-event ng-repeat=\"event in events\">\n      <li class=\"timeline-event {{event.inverted}}\" ng-class-odd=\"oddClass\" ng-class-even=\"evenClass\" ng-transclude=\"\">\n        <timeline-badge class=\"bounce-in {{event.badgeClass}}\" when-visible=\"animateElementIn\" when-not-visible=\"animateElementOut\">\n            <i class=\"glyphicon {{event.badgeIconClass}}\"></i>\n        </timeline-badge>\n        <timeline-panel class=\"bounce-in {{event.badgeClass}}\" when-visible=\"animateElementIn\" when-not-visible=\"animateElementOut\">\n            <timeline-heading>\n                <h4>{{event.title}}</h4>\n            </timeline-heading>\n            <small class=\"text-muted ng-binding\"> <i class=\"glyphicon glyphicon-time\"></i>\n                    {{event.infos_date|date:\"dd/MM/yyyy hh:mm\"}}\n            </small>\n            &nbsp;\n            <small class=\"text-muted ng-binding\"> <i class=\"glyphicon glyphicon-user\"></i>\n                    {{event.infos_actor}}\n            </small>\n            <br>\n            <p style=\"margin:8px;\" ng-bind-html=\"event.content\" class=\"ng-binding ng-scope\"></p>\n        </timeline-panel>\n      </li>\n    </timeline-event>\n    <timeline-event>\n      <li class=\"timeline-event\" ng-class-odd=\"oddClass\" ng-class-even=\"evenClass\" ng-transclude=\"\">\n        <timeline-badge class=\"bounce-in success\" when-visible=\"animateElementIn\" when-not-visible=\"animateElementOut\">\n            <i class=\"glyphicon glyphicon-play\"></i>\n        </timeline-badge>\n        <timeline-panel class=\"bounce-in success\" when-visible=\"animateElementIn\" when-not-visible=\"animateElementOut\">\n            <timeline-heading>\n                <h4>DĂ©marrage du processus</h4>\n            </timeline-heading>\n           <p class=\"ng-scope\">\n                {{process.title}}\n                <br />\n                <small class=\"text-muted ng-binding\"> <i class=\"glyphicon glyphicon-time\"></i>\n                    {{process.start_date|date:\"dd/MM/yyyy hh:mm\"}}\n                </small>\n                 &nbsp;\n                <small class=\"text-muted ng-binding\"> <i class=\"glyphicon glyphicon-user\"></i>\n                    {{process.initiator}}\n                </small>\n            </p>\n        </timeline-panel>\n      </li>\n    </timeline-event>\n   </ul>\n  </timeline>",
  "controller" : "function displayHistoryWidget($scope, $http,$location, $sce) {\r\n          $scope.events = [];\r\n          $scope.process = [];\r\n              var type_page = \"form\";\r\n              if($location.$$absUrl.indexOf(\"processInstance/\") !== -1){\r\n                  type_page = \"summary\";\r\n              }else if($location.$$absUrl.indexOf(\"historyBdm/\") !== -1){\r\n                    type_page = \"historybdm\";\r\n              }\r\n              \r\n              if(type_page === \"form\"){\r\n                   //load context manually\r\n                    var url = new URL($location.$$absUrl);\r\n                    var id = url.searchParams.get(\"id\");\r\n                    $http.get(\"/bonita/API/bpm/userTask/\"+id).then( \r\n                        function successCallback(response) {\r\n                            id=response.data.rootCaseId;\r\n                            $http.get(\"/bonita/API/bpm/case/\"+id+\"/context\").then( \r\n                                function successCallback(response) {\r\n                                    $scope.context = response.data;\r\n                                }\r\n                            );\r\n                        }\r\n                    );\r\n              }else if(type_page === \"historybdm\"){\r\n                    var url = new URL($location.$$absUrl);\r\n                    var persistenceId = url.searchParams.get(\"persistenceId\");\r\n                     $http.get(\"/bonita/API/bdm/businessData/com.company.model.ProcessHistory/\"+persistenceId).then( \r\n                        function successCallback(response) {\r\n                            $scope.context = response;\r\n                        }\r\n                    );\r\n              }else{\r\n                  //load context manually\r\n                    var url = new URL($location.$$absUrl);\r\n                    var id = url.searchParams.get(\"id\");\r\n                    $http.get(\"/bonita/API/bpm/case/\"+id+\"/context\").then( \r\n                        function successCallback(response) {\r\n                            $scope.context = response.data;\r\n                        }\r\n                    );\r\n              }\r\n                \r\n          $scope.$watch(\"context\", function(){\r\n              if(typeof $scope.context == \"undefined\"){\r\n                  return;\r\n              }\r\n              \r\n              //we loop each variables from context to search processhistory variable\r\n              var processHistory;\r\n             if(type_page === \"historybdm\"){\r\n                  processHistory = $scope.context;\r\n                  processHistory.link = \"\";\r\n              }else{\r\n                  for (var property in $scope.context) {\r\n                        if ($scope.context.hasOwnProperty(property)) {\r\n                             if($scope.context[property].type == \"com.company.model.ProcessHistory\"){\r\n                                processHistory = $scope.context[property];\r\n                            }\r\n                        }\r\n                  }\r\n              }\r\n               var data_json;\r\n               $http.get(\"/bonita/\"+processHistory.link).then( \r\n                    function successCallback(response) {\r\n                        if(type_page === \"historybdm\"){\r\n                         data_json = processHistory.data; \r\n                       }else{\r\n                        data_json = response.data;\r\n                       }\r\n                        $scope.process.start_date = data_json.start_date;\r\n                          $scope.process.initiator = data_json.initiator;\r\n                          if(typeof data_json.title == \"undefined\"){\r\n                            $scope.process.title = \"\";\r\n                          }else{\r\n                            $scope.process.title = data_json.title;\r\n                          }\r\n                          var inverted = \"timeline-inverted\";\r\n                          data_json.lines.reverse().forEach(function(element) {\r\n                              if(inverted === \"\"){\r\n                                  inverted = \"timeline-inverted\";\r\n                              }else{\r\n                                  inverted = \"\";\r\n                              }\r\n                               //construct display depending on task infos\r\n                               var task_object = JSON.parse(element.task_object);\r\n                               var badgeclass = \"success\";\r\n                               var badgeiconclass = \"glyphicon-check\";\r\n                               var infos_date = task_object.date;\r\n                               var infos_actor = task_object.actor_displayname; \r\n                               var content = \"\";\r\n\t\t\t\t\t\t\t   var content_node = \"\";\r\n                               var display_content = false;\r\n\t\t\t\t\t\t\t   var content_user = \"\";\r\n                               var display_content_user = false;\r\n                               //then loop inside contents to get all pair key=>values stored by process\r\n                              \r\n                              element.contents.forEach(function(mycontent) {\r\n                                      if(mycontent.type === \"string\"){\r\n                                           content =  content + $sce.trustAsHtml(\"<li><small class='text-muted ng-binding'> <i class='glyphicon glyphicon-th-list'></i> <u>\"+mycontent.name+\"</u> : \"+mycontent.content_value+\"</small></li>\");\r\n                                      }else if(mycontent.type === \"node\"){\r\n\t\t\t\t\t\t\t\t\t\t  display_content = true;\r\n                                          var json_node = JSON.parse(mycontent.content_value);\r\n                                           var content_nid = \"\";\r\n\t\t\t\t\t\t\t\t\t\t   var content_title = \"\";\r\n\t\t\t\t\t\t\t\t\t\t   var content_node_buffer = \"\";\r\n\t\t\t\t\t\t\t\t\t\t   for (var property in json_node) {\r\n                                                if (json_node.hasOwnProperty(property)) {\r\n                                                    if(property === \"nid\"){\r\n                                                        content_nid =  json_node[property];\r\n                                                    }else if(property === \"title\"){\r\n\t\t\t\t\t\t\t\t\t\t\t\t\t\tcontent_title = json_node[property];\r\n                                                    }else{\r\n                                                       content_node_buffer =  content_node_buffer + \"<li><i class='glyphicon glyphicon-tag'></i> \" + property+\" : \"+json_node[property]+\"</li>\";\r\n                                                    }\r\n                                                }\r\n                                            }\r\n                                            \r\n                                            if(content_node_buffer != \"\"){content_node_buffer = \"<ul>\" + content_node_buffer + \"</ul>\";}\r\n                                            content_node = content_node + $sce.trustAsHtml(\"<li><small class='text-muted ng-binding'><i class='glyphicon glyphicon-file'></i> <a style='cursor:pointer;text-decoration:none;' onClick='window.parent.parent.Gofast.processAjax(\\\"/node/\"+ content_nid +\"\\\");window.parent.parent.modalContentClose();'>\"+ content_title +\"</a> \"+ content_node_buffer +\"</small></li>\");\r\n                                      \r\n                                          \r\n                                      }else if(mycontent.type === \"user\"){\r\n                                           display_content_user = true;\r\n                                          var json_node = JSON.parse(mycontent.content_value);\r\n                                           var content_login = \"\";\r\n\t\t\t\t\t\t\t\t\t\t   var content_displayname = \"\";\r\n\t\t\t\t\t\t\t\t\t\t   var content_user_buffer = \"\";\r\n\t\t\t\t\t\t\t\t\t\t   for (var property in json_node) {\r\n                                                if (json_node.hasOwnProperty(property)) {\r\n                                                    if(property === \"username\"){\r\n                                                        content_login =  json_node[property];\r\n                                                    }else if(property === \"displayname\"){\r\n\t\t\t\t\t\t\t\t\t\t\t\t\t\tcontent_displayname = json_node[property];\r\n                                                    }else{\r\n                                                       content_user_buffer =  content_user_buffer + \"<li><i class='glyphicon glyphicon-tag'></i> \" + property+\" : \"+json_node[property]+\"</li>\";\r\n                                                    }\r\n                                                }\r\n                                            }\r\n                                            \r\n                                            if(content_user_buffer != \"\"){content_user_buffer = \"<ul>\" + content_user_buffer + \"</ul>\";}\r\n                                            content_user = content_user + \"<li><small class='text-muted ng-binding'><i class='glyphicon glyphicon-user'></i> <a style='cursor:pointer;text-decoration:none;' onClick='window.parent.parent.Gofast.processAjax(\\\"/userprofilebylogin/\"+ content_login +\"\\\");window.parent.parent.modalContentClose();'>\"+ content_displayname +\"</a> \"+ content_user_buffer +\"</small></li>\";\r\n                                      }    \r\n                              });\r\n\t\t\t\t\t\t\t  if(display_content){\r\n\t\t\t\t\t\t\t\tcontent_node = \"<li><small class='text-muted ng-binding'> <i class='glyphicon glyphicon-th-list'></i> <u>Document(s) : </u></small><ul>\" + content_node + \"</ul></li>\";\r\n\t\t\t\t\t\t\t  }\r\n\t\t\t\t\t\t\t  if(display_content_user){\r\n\t\t\t\t\t\t\t\tcontent_user = \"<li><small class='text-muted ng-binding'> <i class='glyphicon glyphicon-th-list'></i> <u>Actor(s) : </u></small><ul>\" + content_user + \"</ul></li>\";\r\n\t\t\t\t\t\t\t  }\r\n                              content =  \"<div>Description : \"+task_object.description+\"</div><ul>\" + content_node + content_user + content + \"</ul>\";\r\n                               \r\n                               if(task_object.type == \"AUTOMATIC_TASK\"){\r\n                                  badgeclass = \"info\";\r\n                                  badgeiconclass = \"glyphicon-wrench\";\r\n                               }\r\n                \r\n                               $scope.events.push({\r\n                                        badgeClass: badgeclass,\r\n                                        badgeIconClass: badgeiconclass,\r\n                                        title: task_object.name,\r\n                                        description: task_object.description,\r\n                                        content: $sce.trustAsHtml(content),\r\n                                        inverted: inverted,\r\n                                        infos_actor : infos_actor,\r\n                                        infos_date : infos_date\r\n                               });\r\n                           });\r\n                                }\r\n                );\r\n              \r\n           });\r\n          \r\n}",
  "description" : "Widget to display ProcessHistory variable",
  "custom" : true,
  "properties" : [ ],
  "assets" : [ {
    "id" : "0e62ba2b-f2b6-40a2-a610-a70a78f8c6c3",
    "name" : "angular-timeline.css",
    "type" : "css",
    "order" : 2,
    "external" : false
  }, {
    "id" : "47fe3d4f-c030-4d38-9bd8-707dfeaabdf1",
    "name" : "angular-timeline-bootstrap.css",
    "type" : "css",
    "order" : 4,
    "external" : false
  }, {
    "id" : "5e035909-3de1-4e0e-916b-73e84f796568",
    "name" : "angular-timeline.js",
    "type" : "js",
    "order" : 1,
    "external" : false
  }, {
    "id" : "ec085923-447c-40cb-8023-8b812f541bcb",
    "name" : "angular-timeline-animations.css",
    "type" : "css",
    "order" : 3,
    "external" : false
  }, {
    "id" : "402e2508-5ca2-45d3-88bd-2a6570307714",
    "name" : "angular-scroll-animate.js",
    "type" : "js",
    "order" : 5,
    "external" : false
  } ],
  "requiredModules" : [ ],
  "type" : "widget",
  "hasHelp" : false
}