{
  "modelVersion" : "2.2",
  "properties" : [
    {
      "label" : "Source",
      "name" : "src",
      "caption" : "Use <span ng-non-bindable>{{dataVariable}}</span> to access data, and <a href=\"javascript:void(0);\" open-help=\"filters\" editor-mode=\"page\">filters</a> to format it (e.g. <span ng-non-bindable>{{dateVariable|uiDate}}</span>)",
      "type" : "text",
      "defaultValue" : "",
      "bond" : "expression"
    },
    {
      "label" : "Style",
      "name" : "style",
      "type" : "text",
      "bond" : "expression"
    },
    {
      "label" : "Iframe ID",
      "name" : "iframeId",
      "type" : "text",
      "choiceValues" : [
        "left",
        "center",
        "right"
      ],
      "bond" : "expression"
    }
  ],
  "id" : "customCustomizableIframe",
  "name" : "CustomizableIframe",
  "lastUpdate" : 1701789462157,
  "template" : "@customCustomizableIframe.tpl.html",
  "icon" : "<svg xmlns='http://www.w3.org/2000/svg' viewBox='0 0 50 20'><g><path fill='#fff' d='M29.6,8H33v10h3V4h-2.3c-0.1,0.9-1.4,2-4.1,2l-0.4,0.1L29.6,8z M24,11v7h3V3h-3v6h-6V3h-3v15h3v-7H24z'/></g></svg>",
  "description" : "Text used to structure the page or form content",
  "custom" : true,
  "order" : 20,
  "assets" : [ ],
  "requiredModules" : [ ],
  "type" : "widget",
  "hasHelp" : false
}