{
  "designerVersion" : "1.7.69",
  "id" : "customGofastTasksTableDocument",
  "name" : "gofastTasksTableDocument",
  "lastUpdate" : 1638799304669,
  "template" : "<div class=\"table-responsive\" style=\"overflow:visible;\">\r\n    <div ng-if=\"!ctrl.isArray(final_content)\" class=\"loader-autocomplete\">&nbsp;</div>\r\n    <table class=\"table\" ng-class=\"{'table-hover': ctrl.isClickable()}\">\r\n        <thead>\r\n             <tr>\r\n                <th>\r\n                </th>\r\n            </tr>\r\n        </thead>\r\n        \r\n         <tbody ng-if=\"ctrl.isArray(final_content)\">\r\n            <tr style=\"cursor:auto;background-color:white;\" ng-repeat=\"row in final_content\" ng-click=\"ctrl.selectRow(row)\" ng-class=\"\">\r\n                <td>\r\n                    \r\n                <div class=\"task_in_todoliste\" style=\"list-style: none;position: relative;\" >\r\n                    <div class='task_in_todoliste' style='' title=\"{{row.deadline_description}}\">\r\n                    <div style=\"background-color:white;\">\r\n                        <div class=\"row\">\r\n                            <div style=\"float:left;color:#777;font-weight: bold;width:30%;white-space: nowrap;overflow:hidden;text-overflow:ellipsis;-o-text-overflow:ellipsis;display: inline-block;\" title='{{row.alt_title | gfTranslate}}'>\r\n                                <i class=\"fa {{row.type_icon}}\"></i>\r\n                                <span class=\"card-title\">{{row.title}}</span>\r\n                            </div>\r\n                            <div style=\"float:left;color:#777;font-weight: bold;width:60%;white-space: nowrap;overflow:hidden;text-overflow:ellipsis;-o-text-overflow:ellipsis;display: inline-block;\" title='{{row.displayDescription | gfTranslate}}'>\r\n                                <i class=\"fa fa-flag-o\"></i>\r\n                                <span class=\"card-subtitle mb-2 text-muted\">{{row.displayDescription | gfTranslate}}</span>\r\n                            </div>\r\n                            \r\n                           <div ng-bind-html=\"row.actor\" class=\"ng-binding ng-scope card-text actor_container\" style=\"display: inline-block;float:right;\"></div> \r\n                    \r\n                        </div>\r\n                        <div class=\"row\">\r\n                            <div>\r\n                                <div class=\"deadline_box_in_rapide_todoliste\" style=\"float:left;width:30%;max-height:22px;overflow:hidden;text-overflow:ellipsis;-o-text-overflow:ellipsis;display: inline-block;\">\r\n                                   <i class=\"fa fa-calendar\"></i> <span title='{{\"label.process_start_date\" | gfTranslate}}'>{{row.start_date|date:\"dd/MM/yyyy\"}}</span>\r\n                                </div>\r\n                                <div class=\"deadline_box_in_rapide_todoliste\" style=\"font-weight:bold;float:left;width:30%;max-height:22px;overflow:hidden;text-overflow:ellipsis;-o-text-overflow:ellipsis;display: inline-block;\">\r\n                                   <i ng-if=\"row.has_deadline\" class=\"fa fa-clock-o\" style=\"color:#337ab7;\"></i> <span style=\"color:{{row.deadline_color}};\" title='{{\"label.process_deadline\" | gfTranslate}}'>{{row.deadline|date:\"dd/MM/yyyy\"}}</span>\r\n                                </div>\r\n                                \r\n                                <div class=\"deadline_box_in_rapide_todoliste\" style=\"float:left;max-width:38%;max-height:22px;margin-left:0px;overflow:hidden;word-break:break-all;\">\r\n                                     <div ng-bind-html=\"row.documents\" class=\"ng-binding ng-scope card-text document_container\"></div>\r\n                                </div>\r\n                                <div id=\"wf-buttons\" style=\"float: right;margin-top: 5px;\">\r\n                                    <span ng-if=\"row.is_eligible\" class=\"gofast_workflows_title_task_doit\" style=\"cursor:pointer;\" ng-click='ctrl.selectRow(row);ceo_vision_js_task_doit($event);' title='{{\"label.process_doit\" | gfTranslate}}'>\r\n                                        <button type=\"button\" class=\"btn btn-default wf-button wf-button-green\" style=\"padding:1px 6px;width:22px;color: #2ecc71;\">\r\n                                            <span class=\"fa fa-play gofast_wf_link\"></span>\r\n                                        </button>\r\n                                    </span>\r\n                                    <span style=\"cursor:pointer;\" ng-click='ctrl.selectRow(row);ceo_vision_js_process_pageflow();'>\r\n                                        <button type=\"button\" class=\"btn btn-default wf-button wf-button-blue\" style=\"padding:1px 6px;width:22px;color: #337ab7;\">\r\n                                            <span class=\"fa fa-info gofast_wf_link\"></span>\r\n                                        </button> \r\n                                    </span>\r\n                                    <span ng-if=\"row.can_delete\" class=\"gofast_workflows_title_task_doit\" style=\"cursor:pointer;\" ng-click='ctrl.selectRow(row);ceo_vision_js_task_delete();' title='{{\"label.process_delete\" | gfTranslate}}'>\r\n                                        <button type=\"button\" class=\"btn btn-default wf-button wf-button-red\" style=\"padding:1px 4px;width:22px;color: red;\">\r\n                                            <span class=\"fa fa-trash gofast_wf_link\"></span>\r\n                                        </button>\r\n                                    </span>\r\n                        </div>\r\n                            </div>\r\n                        </div>\r\n                    </div>\r\n                    <div style=\"clear:both;\"></div>\r\n                </div>\r\n                </td>\r\n            </tr>\r\n        </tbody>\r\n    </table>\r\n    <div class=\"btn-group\" style=\"margin: 0 auto;display: table;\">\r\n        <button page=\"{{page.number}}\" id=\"page_{{page.number}}\" ng-click='change_page($event);' ng-repeat=\"page in pagination\" type=\"button\" class=\"btn btn-default {{page.btn_class}}\" aria-haspopup=\"true\" aria-expanded=\"false\" style=\"background-color:#fff;color:#337ab7;\">\r\n           {{page.label}}\r\n        </button>\r\n    </div>\r\n</div>\r\n\r\n<style>\r\n.loader-autocomplete{\r\n    border:3px solid #f3f3f3;\r\n    border-radius: 50%;\r\n    border-top: 3px solid #3498db;\r\n    border-bottom: 3px solid #3498db;\r\n    width:50px;\r\n    height:50px;\r\n    -webkit-animation: spin 2s linear infinite;\r\n    animation: spin-loader 2s linear infinite;\r\n    margin: 0 auto;\r\n\r\n}\r\n\r\n@keyframes spin-loader{\r\n    0% {transform: rotate(0deg);}\r\n    100% {transform: rotate(360deg);}\r\n}\r\n\r\n.btn_active{\r\n    background-color:#337ab7!important;\r\n    color:#fff!important;\r\n}\r\n\r\n.table{\r\n    margin-bottom:2px!important;\r\n}\r\n</style>",
  "icon" : "<svg xmlns='http://www.w3.org/2000/svg' viewBox='0 0 50 20'><g><path fill='#CBD5E1' d='M36,15v2h11v-2H36z M40,10v2h7v-2H40z M11,10v2h14v-2H11z M3,10v2h3v-2H3z M11,15v2h17v-2H11z M3,15v2h3 v-2H3z'/><path fill='#fff' d='M1,19V1h48v18H1z M0,0v20h50V0H0z'/><path fill='#CBD5E1' d='M1,7v1h7v11h1V8h22v11h1V8h17V7H32V1h-1v6H9V1H8v6H1z'/><path fill='#fff' d='M35,3h12v2H35V3z M11,3h13v2H11V3z M3,3h3v2H3V3z'/></g></svg>",
  "controller" : "function PbTableCtrl($scope, $http, $sce, $filter) {\r\n     $scope.pagination = [];\r\n     \r\n     \r\n    \r\n     $scope.task_ids = \"\";\r\n     $scope.$watch(\"properties.content\", function(){\r\n          if(typeof $scope.properties.content == \"undefined\"){\r\n              return;\r\n          }\r\n         $scope.final_content = [];\r\n         $scope.build_pagination();\r\n         $scope.properties.content.forEach(function(myTaskContent) {\r\n             $scope.task_ids = typeof myTaskContent.id !== \"undefined\" ? $scope.task_ids+myTaskContent.id+\"-\" : $scope.task_ids+\"kanban-\";\r\n         });\r\n         \r\n         $http.get(\"/bonita/API/extension/getTasksAllInfos?taskids=\"+$scope.task_ids).then( \r\n           function successCallback(response) {\r\n           var i = 0;\r\n            response.data.response.content.forEach(function(myTask) {\r\n                    if(typeof myTask.type !== \"undefined\" && myTask.type == \"kanban\"){\r\n                        var kanban_element = $scope.properties.content[i];  \r\n                       \r\n                        if(kanban_element.deadline_color_indicator == \"deadline-nearly-reached\"){\r\n                            myTask.deadline_color = \"#d35400\";\r\n                        }else if(kanban_element.deadline_color_indicator == \"deadline-reached\"){\r\n                            myTask.deadline_color = \"#c0392b\";\r\n                        }else{\r\n                            myTask.deadline_color = \"#2ecc71\";\r\n                        }\r\n                        \r\n                        if(typeof kanban_element.deadline !== \"undefined\" && kanban_element.deadline !== \"\"){\r\n                            myTask.deadline = kanban_element.deadline;\r\n                            myTask.has_deadline = true;\r\n                        }else{\r\n                            myTask.end_date = \" / \";\r\n                            myTask.deadline = \" / \";\r\n                        }\r\n                        \r\n                        myTask.actor = get_kanban_user_html(myTask, kanban_element.person_in_charge);\r\n                        myTask.start_date = kanban_element.created_date;\r\n                        myTask.alt_title = $filter('gfTranslate')(\"label.completed_at\") + \" \" + kanban_element.progress + \"%\";\r\n                        myTask.title = kanban_element.title;\r\n                        myTask.displayDescription = kanban_element.first_item_label+\" (\"+myTask.alt_title+\")\";\r\n                        myTask.type_icon = \"fa-trello\";\r\n                        myTask.nid = kanban_element.nid;\r\n                        myTask.documents = get_kanban_documents_html(kanban_element.attachments, myTask);\r\n                    }else{\r\n                        myTask.title = myTask.processHistory.title;\r\n                        myTask.alt_title = myTask.title;\r\n                        if($scope.properties.session.user_id == myTask.assigned_id){\r\n                            myTask.is_author = true;\r\n                        }else{\r\n                            myTask.is_author = false;\r\n                        }\r\n                       \r\n                        myTask.actor = get_initiator_html(myTask.processHistory, myTask);\r\n                        myTask.documents = get_documents_html(myTask.processCurrent, myTask);\r\n                        myTask.deadline = get_deadline_html(myTask.processCurrent,myTask);\r\n                        myTask.start_date = myTask.processHistory.start_date;\r\n                        myTask.processName = myTask.processInstance.name;\r\n                        myTask.processVersion = myTask.processInstance.version;\r\n                        myTask.processId = myTask.processInstance.id;\r\n                        myTask.type_icon = \"fa-cogs\";\r\n                        myTask.can_delete = get_variable_can_delete_instance(myTask.processCurrent, myTask.processInstance);\r\n                        console.log(\"can_delete\");\r\n                         console.log(myTask.can_delete);\r\n                    }\r\n        \r\n                    $scope.final_content.push(myTask);\r\n                    i++;\r\n           });\r\n        });\r\n   \r\n     });\r\n        \r\n\r\n  this.isArray = Array.isArray;\r\n  \r\n    $scope.build_pagination = function(){\r\n          $scope.$watch(\"properties.pageCount\", function(){\r\n          if(typeof $scope.properties.pageCount == \"undefined\"){\r\n              return;\r\n          }\r\n          $scope.pagination = [];\r\n          var results_count = typeof $scope.properties.pageCount == \"object\" ? $scope.properties.pageCount.getResponseHeader('Content-Range').replace(\"0-0/\", \"\") : $scope.properties.pageCount;\r\n          var number_page = results_count / 5;\r\n          \r\n          var i;\r\n          for (i = 0; i < number_page; i++) {\r\n                page_label = i + 1;\r\n                if(i == $scope.properties.page){\r\n                    var btn_class = \"btn_active\";\r\n                }else{\r\n                    var btn_class = \"\";\r\n                }\r\n                var my_page_object = {number:i, label:page_label, btn_class:btn_class}\r\n                $scope.pagination.push(my_page_object);\r\n           }\r\n        });\r\n        \r\n  }\r\n  \r\n  \r\n   $scope.change_page = function($event){\r\n       if($scope.properties.page != $event.target.id.replace(\"page_\", \"\")){\r\n           $scope.properties.content.length = 0\r\n           $scope.task_ids = \"\";\r\n           $scope.final_content = [];\r\n           $scope.properties.page = $event.target.id.replace(\"page_\", \"\");\r\n        }\r\n       \r\n   }\r\n\r\n  $scope.ceo_vision_js_task_doit = function($event) {\r\n      console.log(\"doit\");\r\n      console.log($event.srcElement.className);\r\n      var row = $scope.properties.selectedRow;\r\n      var force_assign = \"false\";\r\n      if(row.assigned_id == 0){\r\n           force_assign = \"true\";\r\n      }\r\n      if($event.srcElement.className.includes(\"no-modal\")){\r\n        modal = false;\r\n      }else{\r\n        modal = true; \r\n      }\r\n \r\n      window.parent.parent.Drupal.gofast_workflows.ceo_vision_js_task_doit(row.id, row.processDefinititionSub.name+\"/\"+row.processDefinititionSub.version, \"\", row.name, force_assign, modal);\r\n  };\r\n  \r\n  $scope.ceo_vision_js_task_delete = function() {\r\n      var row = $scope.properties.selectedRow;\r\n      window.parent.parent.Drupal.gofast_workflows.ceo_vision_js_delete_task(row.rootCaseId);\r\n  };\r\n\r\n\r\n  $scope.ceo_vision_js_process_pageflow = function(){\r\n     var row = $scope.properties.selectedRow;\r\n     if(row.type == \"kanban\"){\r\n         window.parent.parent.Gofast.processAjax(window.parent.parent.location.origin + \"/node/\" + row.nid);\r\n     }else{\r\n       if(typeof row.processHistory.persistenceId != \"undefined\"){\r\n            window.parent.parent.Drupal.gofast_workflows.ceo_vision_js_process_pageflow(\"bdm\", \"\", row.processHistory.persistenceId,\"\");\r\n        }else{\r\n            window.parent.parent.Drupal.gofast_workflows.ceo_vision_js_process_pageflow(row.processDefinitition.name, row.processDefinitition.version, row.rootCaseId, row.id);        \r\n        }\r\n     }\r\n\r\n  };\r\n  \r\n    function get_initiator_html_old(myTask){\r\n      //if task is assigned to current user, display initiator picture, else display assigned\r\n    var initiator_string = myTask.assigned_id;\r\n  \r\n      var url = \"/api/user/picture?username=\"+initiator_string;\r\n       $http.get(url).then( \r\n                   function successCallback(response) {\r\n                        myTask.actor = $sce.trustAsHtml(response.data.content);\r\n                   }    \r\n            ); \r\n     \r\n  }\r\n\r\n  function get_initiator_html(myProcessHistory, myTask){\r\n      //if task is assigned to current user, display initiator picture, else display assigned\r\n      if( myTask.is_author == true){\r\n        var initiator_string = myProcessHistory.initiator;\r\n      }else{\r\n         var initiator_string = myTask.assigneeId; \r\n      }\r\n  \r\n      if(initiator_string == 0){\r\n          initiator_string = myTask.actorId+\"&actor=true\";\r\n      }\r\n      var url = \"/api/user/picture?username=\"+initiator_string;\r\n       $http.get(url).then( \r\n                   function successCallback(response) {\r\n                      if( myTask.is_author == true){\r\n                         //var label_actor = $filter('gfTranslate')(\"label.started_by\");\r\n                         var label_actor = \"\";\r\n                         myTask.actor = $sce.trustAsHtml(\"<div style='clear:both;'>\"+label_actor+\" \"+response.data.content+\"</div>\");\r\n                      }else{\r\n                          //var label_actor = $filter('gfTranslate')(\"label.assigned_to\");\r\n                          var label_actor = \"\";\r\n                          myTask.actor =$sce.trustAsHtml(\"<div style='clear:both;'>\"+label_actor+\" \"+response.data.content+\"</div>\");\r\n                      }\r\n                      \r\n                   }    \r\n            ); \r\n\r\n  }\r\n  \r\n    function get_kanban_user_html(myTask, uid){\r\n      var url = \"/api/user/picture?uid=\"+uid;\r\n       $http.get(url).then( \r\n                   function successCallback(response) {\r\n                        //var label_actor = $filter('gfTranslate')(\"label.responsible\");\r\n                        var label_actor = \"\";\r\n                        myTask.actor =$sce.trustAsHtml(\"<div style='clear:both;'>\"+label_actor+\" \"+response.data.content+\"</div>\"); \r\n                   }\r\n            ); \r\n\r\n  }\r\n  \r\n function get_documents_html_old(myVariable, myTask){\r\n      var documents_string = myVariable.value.replace(/\\;/g, \",\");\r\n \r\n      var url = \"/api/node/links?nids=\"+documents_string;\r\n       $http.get(url).then( \r\n                   function successCallback(response) {\r\n                        myTask.documents = $sce.trustAsHtml(response.data.content);\r\n                   }    \r\n            );  \r\n  }\r\n  \r\n\r\n  function get_documents_html(myProcessCurrent, myTask){\r\n      var documents_string = \"\";\r\n      return documents_string;\r\n      if(typeof myProcessCurrent.documents != \"undefined\"){\r\n           myProcessCurrent.documents.forEach(function(nid) {\r\n                documents_string = documents_string + nid +\",\";\r\n          });\r\n      }else{\r\n          myProcessCurrent.contents.forEach(function(myProcessCurrentContent) {\r\n              if(myProcessCurrentContent.type == \"node\"){\r\n                  documents_string = documents_string + myProcessCurrentContent.content_value+\",\";\r\n              }\r\n          });\r\n      }\r\n      var url = \"/api/node/links?nids=\"+documents_string;\r\n       $http.get(url).then( \r\n                   function successCallback(response) {\r\n                        myTask.documents = $sce.trustAsHtml(response.data.content);\r\n                   }    \r\n            );  \r\n  }\r\n  \r\n  function get_kanban_documents_html(documents, myTask){\r\n      var documents_string = \"\";\r\n      return documents_string;\r\n      if(typeof documents != \"undefined\"){\r\n           documents.forEach(function(nid) {\r\n                documents_string = documents_string + nid +\",\";\r\n          });\r\n      }\r\n      var url = \"/api/node/links?nids=\"+documents_string;\r\n       $http.get(url).then( \r\n                   function successCallback(response) {\r\n                        myTask.documents = $sce.trustAsHtml(response.data.content);\r\n                   }    \r\n            );  \r\n  }\r\n  \r\n  function get_variable_can_delete_instance(myProcessCurrent, processInstance){\r\n       can_delete = false;\r\n       if(typeof myProcessCurrent != \"undefined\" && typeof myProcessCurrent.contents != \"undefined\"){\r\n            myProcessCurrent.contents.forEach(function(myProcessCurrentContent) {\r\n                  if(myProcessCurrentContent.type == \"technical\" && myProcessCurrentContent.name == \"can_delete_instance\"){\r\n                      if(myProcessCurrentContent.content_value == \"true\"){\r\n                          //check if current user is initiator\r\n                          if($scope.properties.session.user_id.toString() == processInstance.startedBy.toString()){\r\n                              can_delete = true;\r\n                          }else{\r\n                              can_delete = false\r\n                          }\r\n                      }else{\r\n                         can_delete = false;\r\n                      }\r\n                  }\r\n            });\r\n       }\r\n          return can_delete;\r\n  }\r\n  \r\n  function get_deadline_html(processVariables, myTask){\r\n      var d = new Date(processVariables.end_date);\r\n      var timestamp_now = new Date().getTime() / 1000;\r\n      var timestamp = d.getTime() / 1000;\r\n      \r\n      if(timestamp_now > timestamp){\r\n           var label_deadline = $filter('gfTranslate')(\"label.process_outdated\");\r\n           myTask.deadline_description = label_deadline;\r\n           myTask.deadline_color = \"#c0392b\";\r\n       }else if(timestamp - timestamp_now < 60*60*24){\r\n           var label_deadline = $filter('gfTranslate')(\"label.process_soon_outdated\");\r\n           myTask.deadline_description = label_deadline;\r\n           myTask.deadline_color = \"#d35400\";\r\n       }else{\r\n           myTask.deadline_description = \"\";\r\n           myTask.deadline_color = \"#2ecc71\";\r\n       }\r\n      \r\n    myTask.has_deadline = true;\r\n    if(processVariables.end_date === null || typeof processVariables.end_date == \"undefined\"){\r\n        processVariables.end_date = \" / \";\r\n        myTask.has_deadline = false;\r\n        myTask.deadline_color = \"#5bc0de\";\r\n        \r\n    }\r\n      var deadline_html = processVariables.end_date;\r\n    \r\n      return deadline_html;\r\n  }\r\n\r\n  this.isClickable = function () {\r\n    return $scope.properties.isBound('selectedRow');\r\n  };\r\n\r\n  this.selectRow = function (row) {\r\n    if (this.isClickable()) {\r\n      $scope.properties.selectedRow = row;\r\n    }\r\n  };\r\n\r\n  this.isSelected = function(row) {\r\n    return angular.equals(row, $scope.properties.selectedRow);\r\n  };\r\n\r\n}",
  "description" : "Tabular presentation of data from an array",
  "custom" : true,
  "order" : 17,
  "properties" : [ {
    "label" : "Selected Row",
    "name" : "selectedRow",
    "type" : "text",
    "bond" : "variable"
  }, {
    "label" : "Session",
    "name" : "session",
    "type" : "text",
    "bond" : "variable"
  }, {
    "label" : "Page",
    "name" : "page",
    "type" : "text",
    "bond" : "variable"
  }, {
    "label" : "Content",
    "name" : "content",
    "type" : "text",
    "bond" : "variable"
  }, {
    "label" : "Page Count",
    "name" : "pageCount",
    "type" : "text",
    "bond" : "variable"
  } ],
  "assets" : [ {
    "id" : "a2122a83-123d-4efc-ba4e-8149c81e6be1",
    "name" : "fontawesome-webfont.svg",
    "type" : "css",
    "order" : 5,
    "external" : false
  }, {
    "id" : "df6c3572-23dd-4ff4-b4b4-7a5206d18edb",
    "name" : "fontawesome-webfont.ttf",
    "type" : "css",
    "order" : 6,
    "external" : false
  }, {
    "id" : "58b693e2-eb7e-4c7f-b06d-0157dd250449",
    "name" : "font-awesome.css",
    "type" : "css",
    "order" : 2,
    "external" : false
  }, {
    "id" : "e73057f3-aabc-4ffa-a007-4047247e658d",
    "name" : "gofast_ui_designer_translate.js",
    "type" : "js",
    "order" : 9,
    "external" : false
  }, {
    "id" : "9aa17ede-c85d-4391-9bde-6eb3daa535ed",
    "name" : "gofast.css",
    "type" : "css",
    "order" : 10,
    "external" : false
  }, {
    "id" : "a08fe519-be9e-4d39-b956-eefc0aa5932f",
    "name" : "fontawesome-webfont.woff2",
    "type" : "css",
    "order" : 8,
    "external" : false
  }, {
    "id" : "45d41ce1-8ce0-4bd1-9e6e-90e7ae1c9665",
    "name" : "FontAwesome.otf",
    "type" : "css",
    "order" : 3,
    "external" : false
  }, {
    "id" : "2f7f26f6-b621-4fd2-b306-bf67e92c53e8",
    "name" : "fontawesome-webfont.eot",
    "type" : "css",
    "order" : 4,
    "external" : false
  }, {
    "id" : "2d19bb42-22d8-4413-9a2c-2bfcfdd1d5b0",
    "name" : "jquery.min.js",
    "type" : "js",
    "order" : 1,
    "external" : false
  }, {
    "id" : "4b12480b-62e4-416f-96d6-91ddccb22b82",
    "name" : "fontawesome-webfont.woff",
    "type" : "css",
    "order" : 7,
    "external" : false
  } ],
  "requiredModules" : [ ],
  "type" : "widget",
  "hasHelp" : false
}