{
  "modelVersion" : "2.2",
  "properties" : [
    {
      "label" : "Selected Row",
      "name" : "selectedRow",
      "type" : "text",
      "bond" : "variable"
    },
    {
      "label" : "Session",
      "name" : "session",
      "type" : "text",
      "bond" : "variable"
    },
    {
      "label" : "Page",
      "name" : "page",
      "type" : "text",
      "bond" : "variable"
    },
    {
      "label" : "Content",
      "name" : "content",
      "type" : "text",
      "bond" : "variable"
    },
    {
      "label" : "Page Count",
      "name" : "pageCount",
      "type" : "text",
      "bond" : "variable"
    }
  ],
  "id" : "customGofastTasksTableDocument",
  "name" : "gofastTasksTableDocument",
  "lastUpdate" : 1702032394342,
  "template" : "@customGofastTasksTableDocument.tpl.html",
  "icon" : "<svg xmlns='http://www.w3.org/2000/svg' viewBox='0 0 50 20'><g><path fill='#CBD5E1' d='M36,15v2h11v-2H36z M40,10v2h7v-2H40z M11,10v2h14v-2H11z M3,10v2h3v-2H3z M11,15v2h17v-2H11z M3,15v2h3 v-2H3z'/><path fill='#fff' d='M1,19V1h48v18H1z M0,0v20h50V0H0z'/><path fill='#CBD5E1' d='M1,7v1h7v11h1V8h22v11h1V8h17V7H32V1h-1v6H9V1H8v6H1z'/><path fill='#fff' d='M35,3h12v2H35V3z M11,3h13v2H11V3z M3,3h3v2H3V3z'/></g></svg>",
  "controller" : "@customGofastTasksTableDocument.ctrl.js",
  "description" : "Tabular presentation of data from an array",
  "custom" : true,
  "order" : 17,
  "assets" : [
    {
      "id" : "8d85cd26-4d26-47b7-9aba-a7bb9e8629d5",
      "name" : "fa-regular-400.ttf",
      "type" : "css",
      "order" : 18,
      "external" : false
    },
    {
      "id" : "a236cf58-b967-4902-b36d-28179a68b59d",
      "name" : "fa-solid-900.woff2",
      "type" : "css",
      "order" : 24,
      "external" : false
    },
    {
      "id" : "fd7679bd-e9af-4b58-aaf4-531fab3b8972",
      "name" : "fa-regular-400.svg",
      "type" : "css",
      "order" : 17,
      "external" : false
    },
    {
      "id" : "c28028a4-e295-43ce-a100-a15cd00afa24",
      "name" : "fa-brands-400.woff",
      "type" : "css",
      "order" : 14,
      "external" : false
    },
    {
      "id" : "deac5d55-0fbf-4d47-8f6a-32ba67e46c08",
      "name" : "brands.css",
      "type" : "css",
      "order" : 11,
      "external" : false
    },
    {
      "id" : "2b460073-a8e0-42c9-a677-95af7952b5bb",
      "name" : "fontawesome.css",
      "type" : "css",
      "order" : 25,
      "external" : false
    },
    {
      "id" : "759fd733-5171-4499-8b03-041139cecf85",
      "name" : "fa-brands-400.svg",
      "type" : "css",
      "order" : 12,
      "external" : false
    },
    {
      "id" : "5139c0ff-8196-4eb9-b1f5-9f0028dbca4c",
      "name" : "fa-brands-400.ttf",
      "type" : "css",
      "order" : 13,
      "external" : false
    },
    {
      "id" : "071102c7-9caa-471a-a694-dcb77b9f3c1f",
      "name" : "fa-regular-400.woff",
      "type" : "css",
      "order" : 19,
      "external" : false
    },
    {
      "id" : "e73057f3-aabc-4ffa-a007-4047247e658d",
      "name" : "gofast_ui_designer_translate.js",
      "type" : "js",
      "order" : 9,
      "external" : false
    },
    {
      "id" : "07fbb347-129a-48b1-8d36-2e1a72fd4f0a",
      "name" : "fa-brands-400.woff2",
      "type" : "css",
      "order" : 15,
      "external" : false
    },
    {
      "id" : "1c8a945d-ab49-47d1-b5d3-91f975f39920",
      "name" : "fa-regular-400.eot",
      "type" : "css",
      "order" : 16,
      "external" : false
    },
    {
      "id" : "50f3b764-4d17-4b3b-aa80-bd84bc60bb0c",
      "name" : "fa-solid-900.ttf",
      "type" : "css",
      "order" : 22,
      "external" : false
    },
    {
      "id" : "d33b736a-6d13-4b79-ba4c-bd3b336b0710",
      "name" : "regular.css",
      "type" : "css",
      "order" : 26,
      "external" : false
    },
    {
      "id" : "e0799740-bb59-4a60-844e-31054e2fc40f",
      "name" : "solid.css",
      "type" : "css",
      "order" : 27,
      "external" : false
    },
    {
      "id" : "9aa17ede-c85d-4391-9bde-6eb3daa535ed",
      "name" : "gofast.css",
      "type" : "css",
      "order" : 10,
      "external" : false
    },
    {
      "id" : "c17467a6-61ce-4416-b047-4a6215ccc5a7",
      "name" : "fa-solid-900.eot",
      "type" : "css",
      "order" : 21,
      "external" : false
    },
    {
      "id" : "298da146-c0df-45fb-b634-8304afff8c6b",
      "name" : "fa-solid-900.woff",
      "type" : "css",
      "order" : 23,
      "external" : false
    },
    {
      "id" : "752856c8-043d-4d73-8beb-1e6a7924d106",
      "name" : "fa-regular-400.woff2",
      "type" : "css",
      "order" : 20,
      "external" : false
    },
    {
      "id" : "2d19bb42-22d8-4413-9a2c-2bfcfdd1d5b0",
      "name" : "jquery.min.js",
      "type" : "js",
      "order" : 1,
      "external" : false
    }
  ],
  "requiredModules" : [ ],
  "type" : "widget",
  "hasHelp" : false
}