{"modelVersion":"2.2","previousArtifactVersion":"1.7.69","id":"standardValidation","name":"standardValidation","lastUpdate":1701958827624,"rows":[[{"type":"container","dimension":{"xs":12},"propertyValues":{"cssClasses":{"type":"constant","value":""},"hidden":{"type":"constant","value":false},"repeatedCollection":{"type":"variable","value":""}},"reference":"8946d52a-fbf7-4797-815a-6cc74e21b90e","hasValidationError":false,"id":"pbContainer","rows":[[{"type":"formContainer","dimension":{"xs":5},"propertyValues":{"cssClasses":{"type":"constant","value":"thumbnail"},"hidden":{"type":"constant","value":false}},"reference":"e71fb7e4-570d-4472-b45f-16d4465f111f","hasValidationError":false,"id":"pbFormContainer","container":{"type":"container","dimension":{"xs":12},"propertyValues":{},"reference":"8581efc9-f71e-4340-ad12-fe288d9d14ef","hasValidationError":false,"id":"pbContainer","rows":[[{"type":"component","dimension":{"xs":12},"propertyValues":{"cssClasses":{"type":"constant","value":""},"hidden":{"type":"constant","value":false},"text":{"type":"interpolation","value":"{{\"header.comment_initiator\" | gfTranslate}}"},"level":{"type":"constant","value":"Level 4"},"alignment":{"type":"constant","value":"left"}},"reference":"552c1532-fa55-459c-b39a-c157ddd9d409","hasValidationError":false,"id":"pbTitle"}],[{"type":"component","dimension":{"xs":12},"propertyValues":{"cssClasses":{"type":"constant","value":""},"hidden":{"type":"constant","value":false},"readOnly":{"type":"constant","value":true},"required":{"type":"constant","value":false},"minLength":{"type":"constant","value":""},"maxLength":{"type":"constant","value":""},"labelHidden":{"type":"constant","value":true},"label":{"type":"interpolation","value":"Default label"},"labelPosition":{"type":"constant","value":"top"},"labelWidth":{"type":"constant","value":4},"value":{"type":"variable","value":"GFprocessCurrentComment"}},"reference":"6e527f4b-9b1c-4fe1-a5db-e265fc3c7b3b","hasValidationError":false,"id":"pbTextarea"}],[{"type":"component","dimension":{"xs":12},"propertyValues":{"cssClasses":{"type":"constant","value":""},"hidden":{"type":"constant","value":false},"text":{"type":"interpolation","value":"{{\"header.comment\" | gfTranslate}}"},"level":{"type":"constant","value":"Level 4"},"alignment":{"type":"constant","value":"left"}},"reference":"b22e6291-1447-40db-b3f0-c5f49f5b412f","hasValidationError":false,"id":"pbTitle"}],[{"type":"component","dimension":{"xs":12},"propertyValues":{"cssClasses":{"type":"constant","value":""},"hidden":{"type":"constant","value":false},"readOnly":{"type":"constant","value":false},"required":{"type":"constant","value":false},"minLength":{"type":"constant","value":""},"maxLength":{"type":"constant","value":""},"labelHidden":{"type":"constant","value":false},"label":{"type":"interpolation","value":""},"labelPosition":{"type":"constant","value":"left"},"labelWidth":{"type":"constant"},"value":{"type":"variable","value":"formInput.comment_input"}},"reference":"9050bbec-6f9f-41e6-b5b9-23226441945e","hasValidationError":false,"id":"pbTextarea"}],[{"type":"component","dimension":{"xs":6},"propertyValues":{"removeItem":{"type":"variable"},"cssClasses":{"type":"constant","value":"full_size"},"widgetId":{"type":"constant","value":"pbButton"},"buttonStyle":{"type":"constant","value":"success"},"isDisplayed":{"type":"constant","value":true},"label":{"type":"interpolation","value":"{{\"button.validate\" | gfTranslate}}"},"dataToSend":{"type":"expression","value":"formOutput"},"labelHidden":{"type":"constant","value":false},"readonly":{"type":"constant","value":false},"collectionPosition":{"type":"constant"},"targetUrlOnSuccess":{"type":"interpolation","value":"/workflow/success?message=Task done"},"action":{"type":"constant","value":"Submit task"},"collectionToModify":{"type":"variable"},"valueToAdd":{"type":"expression"},"disabled":{"type":"expression","value":"$form.$invalid"},"alignment":{"type":"constant","value":"center"},"class":{"type":"constant","value":"org.bonitasoft.web.designer.experimental.parametrizedWidget.ButtonWidget"},"dimension":{"type":"constant","value":12},"hidden":{"type":"constant","value":false},"url":{"type":"interpolation"},"dataFromSuccess":{"type":"variable","value":""},"dataFromError":{"type":"variable","value":""}},"reference":"226f84c3-1031-4bda-8d56-bdf95d678e6d","hasValidationError":false,"id":"pbButton"},{"type":"component","dimension":{"xs":6},"propertyValues":{"cssClasses":{"type":"constant","value":"full_size"},"hidden":{"type":"constant","value":false},"disabled":{"type":"expression","value":"$form.$invalid"},"label":{"type":"interpolation","value":"{{\"button.cancel_process\" | gfTranslate}}"},"alignment":{"type":"constant","value":"center"},"buttonStyle":{"type":"constant","value":"danger"},"action":{"type":"constant","value":"Submit task"},"url":{"type":"interpolation"},"dataToSend":{"type":"expression","value":"formOutput3"},"dataFromSuccess":{"type":"variable","value":""},"dataFromError":{"type":"variable","value":""},"targetUrlOnSuccess":{"type":"interpolation","value":"/workflow/success?message=Task done"},"collectionToModify":{"type":"variable"},"collectionPosition":{"type":"constant","value":"Last"},"valueToAdd":{"type":"constant"},"removeItem":{"type":"variable"}},"reference":"b791b25c-a90f-442e-824c-2400bcdbd876","hasValidationError":false,"id":"pbButton"},{"type":"component","dimension":{"xs":6},"propertyValues":{"cssClasses":{"type":"constant","value":"full_size"},"hidden":{"type":"constant","value":false},"disabled":{"type":"expression","value":"$form.$invalid"},"label":{"type":"interpolation","value":"{{\"button.refuse_contrib\" | gfTranslate}}"},"alignment":{"type":"constant","value":"center"},"buttonStyle":{"type":"constant","value":"warning"},"action":{"type":"constant","value":"Submit task"},"url":{"type":"interpolation"},"dataToSend":{"type":"expression","value":"formOutput2"},"dataFromSuccess":{"type":"variable","value":""},"dataFromError":{"type":"variable","value":""},"targetUrlOnSuccess":{"type":"interpolation","value":"/workflow/success?message=Task done"},"collectionToModify":{"type":"variable"},"collectionPosition":{"type":"constant","value":"Last"},"valueToAdd":{"type":"constant"},"removeItem":{"type":"variable"}},"reference":"690d3288-aaa6-4c26-8cf1-4200014ed543","hasValidationError":false,"id":"pbButton"},{"type":"component","dimension":{"xs":6},"propertyValues":{"cssClasses":{"type":"constant","value":"full_size"},"hidden":{"type":"constant","value":false},"disabled":{"type":"expression","value":"$form.$invalid"},"label":{"type":"interpolation","value":"{{\"button.refuse_validator\" | gfTranslate}}"},"alignment":{"type":"constant","value":"center"},"buttonStyle":{"type":"constant","value":"warning"},"action":{"type":"constant","value":"Submit task"},"url":{"type":"interpolation"},"dataToSend":{"type":"expression","value":"formOutput4"},"dataFromSuccess":{"type":"variable","value":""},"dataFromError":{"type":"variable","value":""},"targetUrlOnSuccess":{"type":"interpolation","value":"/workflow/success?message=Task done"},"collectionToModify":{"type":"variable"},"collectionPosition":{"type":"constant","value":"Last"},"valueToAdd":{"type":"constant"},"removeItem":{"type":"variable"}},"reference":"058b85f1-f1e0-4d9d-b344-0cb63dccc739","hasValidationError":false,"id":"pbButton"}]]}},{"type":"container","dimension":{"xs":7},"propertyValues":{"cssClasses":{"type":"constant","value":""},"hidden":{"type":"constant","value":false},"repeatedCollection":{"type":"variable","value":""}},"reference":"37737b82-6544-4fd8-8e17-e704d9d0e9a4","hasValidationError":false,"id":"pbContainer","rows":[[{"type":"tabsContainer","dimension":{"xs":12},"propertyValues":{"cssClasses":{"type":"constant","value":""},"hidden":{"type":"constant","value":false},"vertical":{"type":"constant","value":false},"type":{"type":"constant","value":"tabs"}},"reference":"808fe06f-41ce-4e6c-b985-7671808fa106","hasValidationError":false,"id":"pbTabsContainer","tabList":[{"type":"tabContainer","dimension":{"xs":12},"propertyValues":{"hidden":{"type":"constant","value":false},"cssClasses":{"type":"constant","value":""},"disabled":{"type":"constant","value":false},"title":{"type":"interpolation","value":"{{\"header.documents\" | gfTranslate}}"}},"reference":"fe58f148-f7f7-419c-8fdc-e0774f76a581","hasValidationError":false,"id":"pbTabContainer","container":{"type":"container","dimension":{"xs":12},"propertyValues":{},"reference":"e291c8c0-5728-42dc-9759-f5d6fbda6021","hasValidationError":false,"id":"pbContainer","rows":[[{"type":"component","dimension":{"xs":10},"propertyValues":{"cssClasses":{"type":"constant","value":""},"hidden":{"type":"constant","value":false},"disabled":{"type":"constant","value":false},"required":{"type":"constant","value":false},"labelHidden":{"type":"constant","value":true},"label":{"type":"interpolation","value":"Select"},"labelPosition":{"type":"constant","value":"top"},"labelWidth":{"type":"constant","value":4},"placeholder":{"type":"interpolation","value":"Select an option"},"availableValues":{"type":"expression","value":"list_nids_list"},"displayedKey":{"type":"constant","value":"title"},"returnedKey":{"type":"constant","value":"nid"},"value":{"type":"variable","value":"current_preview_nid"}},"reference":"05f9d888-a063-469c-8f47-6b04bf5df968","hasValidationError":false,"id":"pbSelect"},{"type":"component","dimension":{"xs":2},"propertyValues":{"cssClasses":{"type":"constant","value":"button-link-doc"},"hidden":{"type":"constant","value":false},"disabled":{"type":"constant","value":false},"label":{"type":"interpolation","value":"<i class=\"fa fa-link\"></i>"},"alignment":{"type":"constant","value":"center"},"buttonStyle":{"type":"constant","value":"primary"},"action":{"type":"constant","value":"Add to collection"},"url":{"type":"interpolation"},"dataToSend":{"type":"constant"},"dataFromSuccess":{"type":"variable","value":""},"dataFromError":{"type":"variable","value":""},"targetUrlOnSuccess":{"type":"interpolation"},"collectionToModify":{"type":"variable","value":""},"collectionPosition":{"type":"constant","value":"Last"},"valueToAdd":{"type":"constant"},"removeItem":{"type":"variable"}},"reference":"a3209eb5-18cb-4453-8712-ce3bb2902f11","hasValidationError":false,"id":"pbButton"}],[{"type":"component","dimension":{"xs":12},"propertyValues":{"cssClasses":{"type":"constant","value":""},"hidden":{"type":"constant","value":false},"nid":{"type":"expression","value":"current_preview_nid"},"height":{"type":"constant","value":500},"caseId":{"type":"expression","value":"caseId"}},"reference":"8a8de1bc-0f76-45c6-b612-229381633148","hasValidationError":false,"id":"customGofastPdfViewer"}]]}},{"type":"tabContainer","dimension":{"xs":12},"propertyValues":{"hidden":{"type":"constant","value":false},"cssClasses":{"type":"constant","value":""},"disabled":{"type":"constant","value":false},"title":{"type":"interpolation","value":"{{\"header.history\" | gfTranslate}}"},"active":{"type":"variable","value":""}},"reference":"d087d283-4beb-4d3b-aa49-9296430024e8","hasValidationError":false,"id":"pbTabContainer","container":{"type":"container","dimension":{"xs":12},"propertyValues":{},"reference":"856b946a-a9ed-412d-9217-9d3ee4181ae3","hasValidationError":false,"id":"pbContainer","rows":[[{"type":"component","dimension":{"xs":12},"propertyValues":{"cssClasses":{"type":"constant","value":""},"hidden":{"type":"constant","value":false},"text":{"type":"interpolation","value":"{{\"header.history\" | gfTranslate}}"},"level":{"type":"constant","value":"Level 4"},"alignment":{"type":"constant","value":"left"}},"reference":"3b3ea0c9-b528-4bcb-906e-1228d27a0968","hasValidationError":false,"id":"pbTitle"}],[{"type":"component","dimension":{"xs":12},"propertyValues":{"cssClasses":{"type":"constant","value":""},"hidden":{"type":"constant","value":false},"context":{"type":"variable","value":""}},"reference":"4fedc306-2742-4870-aaeb-ac25b9dbd1e1","hasValidationError":false,"id":"customProcessHistory"}]]}}]}]]}]]}]],"assets":[{"id":"38ce1777-18ac-4b8d-ad66-54cf989d6257","name":"fa-brands-400.woff2","type":"img","order":9,"external":false},{"id":"edfd5332-28ae-4912-adfd-b1fb2ab2da68","name":"style.css","type":"css","order":0,"external":false},{"id":"c983ad7a-4da4-4a25-a8a0-455e15dfac71","name":"resize_modal.js","type":"js","order":2,"external":false},{"id":"761fe6ff-d368-48f8-ab2e-c3e9d077021d","name":"fa-all.min.js","type":"js","order":4,"external":false},{"id":"68de1234-35cb-4534-b325-eaa0d38b4cfc","name":"fa-brands-400.woff","type":"img","order":8,"external":false},{"id":"61bdac48-1a97-4dd2-b988-1c94e4b4d62a","name":"fa-regular-400.woff2","type":"img","order":14,"external":false},{"id":"aa098951-38ec-449f-984d-3bf2d3317056","name":"fa-brands-400.ttf","type":"img","order":7,"external":false},{"id":"71ec20b9-53e6-461f-b4bd-501eb2b51eda","name":"gofast_ui_designer_translate.js","type":"js","order":1,"external":false},{"id":"f8e6361a-8b3e-4738-8a7d-88745378e756","name":"fa-all.min.css","type":"css","order":3,"external":false},{"id":"2b362450-3e4a-42fc-81dd-4252b744b585","name":"fa-brands-400.eot","type":"img","order":5,"external":false},{"id":"09aa5c9f-c851-47bd-b538-f8d982a15b6a","name":"fa-regular-400.eot","type":"img","order":10,"external":false},{"id":"f04deb55-f740-468e-b474-8163c37b8d92","name":"fa-regular-400.ttf","type":"img","order":12,"external":false},{"id":"ccd2648a-beb7-47ba-bde0-9adc89eeb05e","name":"fa-regular-400.woff","type":"img","order":13,"external":false},{"id":"4b730a35-ffd6-479b-a1e5-0383ab224c10","name":"fa-regular-400.svg","type":"img","order":11,"external":false},{"id":"8574347b-3bcd-4360-b2b9-d9507e0d4a69","name":"fa-brands-400.svg","type":"img","order":6,"external":false}],"inactiveAssets":[],"variables":{"formInput":{"type":"json","value":["{\r","  \"comment_input\" : \"\",\r","  \"validation_input\" : \"1\"\r","}"],"exposed":false},"GFprocessCurrent":{"type":"url","value":["../{{case_context.processCurrent_ref.link}}"],"exposed":false},"list_nids_list":{"type":"expression","value":["var final_list = [];","","var list =  JSON.parse($data.list_nids.value);","list.forEach(function (item, index) {","    $.ajax({","    url: \"../../../../../../../../api/node/node?nid=\"+item,","    type: \"GET\",","    async: false, // Mode synchrone","    dataType: \"json\",","    complete: function(data){","         var final_item = {\"nid\":item,\"title\": data.responseJSON.title};","         final_list.push(final_item);","    }","});",""," // $.get( \"../../../../../../../../api/node/node?nid=\"+item, function( data ) {","","","});","","if($data.current_preview_nid === null){","    $data.current_preview_nid = final_list[0].nid;","  ","}","","return final_list;"],"exposed":false},"GFprocessCurrentComment":{"type":"expression","value":["if(typeof $data.GFprocessCurrent == \"undefined\" || $data.GFprocessCurrent === null || $data.GFprocessCurrent == \"\"){","    return \"\";","}","","if(typeof $data.GFprocessCurrent.contents == \"undefined\" || $data.GFprocessCurrent.contents === null || $data.GFprocessCurrent.contents == \"\"){","    return \"\";","}","","for (var i in $data.GFprocessCurrent.contents){","    if($data.GFprocessCurrent.contents[i].name == \"Comment\"){","        return $data.GFprocessCurrent.contents[i].content_value;","    }","}","","return \"\";"],"exposed":false},"list_nids":{"type":"url","value":["../API/bpm/caseVariable/{{caseId}}/list_nids"],"exposed":false},"current_preview_nid":{"type":"constant","exposed":false},"langcode":{"type":"urlparameter","value":["locale"],"exposed":false},"task":{"type":"url","value":["../API/bpm/userTask/{{taskId}}"],"exposed":false},"formOutput4":{"type":"expression","value":["return {","\t'comment_input': $data.formInput.comment_input,","\t'validation_input': true,","\t'soft_validation_input': true,","\t'soft_validation_short_input': false,","};"],"exposed":false},"formOutput3":{"type":"expression","value":["return {","\t'comment_input': $data.formInput.comment_input,","\t'validation_input': false,","\t'soft_validation_input': true,","\t'soft_validation_short_input': true,","};"],"exposed":false},"formOutput2":{"type":"expression","value":["return {","\t'comment_input': $data.formInput.comment_input,","\t'validation_input': true,","\t'soft_validation_input': false,","\t'soft_validation_short_input': true","};"],"exposed":false},"processClickLinkDoc":{"type":"expression","value":["  var link_button = document.getElementsByClassName(\"button-link-doc\")[0].getElementsByTagName(\"button\")[0];","  link_button.onclick = linkDocumentClick;","","","function linkDocumentClick(){","  var url = \"../../../../../../../../node/\"+$data.current_preview_nid;","  window.open(url, '_blank');","}"],"exposed":false},"formOutput":{"type":"expression","value":["return {","\t'comment_input': $data.formInput.comment_input,","\t'validation_input': true,","\t'soft_validation_input': true,","\t'soft_validation_short_input': true","};"],"exposed":false},"caseId":{"type":"expression","value":["if(typeof $data.task == \"undefined\" || $data.task === null || $data.task == \"\"){","    return;","}","","return $data.task.caseId;"],"exposed":false},"context":{"type":"url","value":["../API/bpm/userTask/{{taskId}}/context"],"exposed":false},"choiceValues":{"type":"expression","value":["if($data.langcode == \"fr\"){","    return JSON.parse('[{\"key\": \"1\", \"value\": \"Accepter\"}, {\"key\": \"0\", \"value\": \"Refuser\"}]');","}else if($data.langcode == \"nl\"){","    return JSON.parse('[{\"key\": \"1\", \"value\": \"Aanvaarden\"}, {\"key\": \"0\", \"value\": \"Weigeren\"}]');","}else{","    return JSON.parse('[{\"key\": \"1\", \"value\": \"Accept\"}, {\"key\": \"0\", \"value\": \"Refuse\"}]');","}"],"exposed":false},"taskId":{"type":"urlparameter","value":["id"],"exposed":false},"case_context":{"type":"url","value":["../API/bpm/case/{{caseId}}/context"],"exposed":false}},"hasValidationError":false,"uuid":"8a0a8fc2-c1e3-4fad-9653-f820ae0040b8","type":"form","description":"Page generated with Bonita UI designer"}