{
  "designerVersion" : "1.7.69",
  "id" : "standardValidation",
  "name" : "standardValidation",
  "lastUpdate" : 1551437013879,
  "rows" : [ [ {
    "type" : "container",
    "dimension" : {
      "xs" : 12
    },
    "propertyValues" : {
      "cssClasses" : {
        "type" : "constant",
        "value" : ""
      },
      "hidden" : {
        "type" : "constant",
        "value" : false
      },
      "repeatedCollection" : {
        "type" : "variable",
        "value" : ""
      }
    },
    "reference" : "8946d52a-fbf7-4797-815a-6cc74e21b90e",
    "id" : "pbContainer",
    "rows" : [ [ {
      "type" : "formContainer",
      "dimension" : {
        "xs" : 12
      },
      "propertyValues" : {
        "cssClasses" : {
          "type" : "constant",
          "value" : "thumbnail"
        },
        "hidden" : {
          "type" : "constant",
          "value" : false
        }
      },
      "reference" : "e71fb7e4-570d-4472-b45f-16d4465f111f",
      "id" : "pbFormContainer",
      "container" : {
        "type" : "container",
        "dimension" : {
          "xs" : 12
        },
        "propertyValues" : { },
        "reference" : "8581efc9-f71e-4340-ad12-fe288d9d14ef",
        "id" : "pbContainer",
        "rows" : [ [ {
          "type" : "component",
          "dimension" : {
            "xs" : 12
          },
          "propertyValues" : {
            "cssClasses" : {
              "type" : "constant",
              "value" : ""
            },
            "hidden" : {
              "type" : "constant",
              "value" : false
            },
            "text" : {
              "type" : "interpolation",
              "value" : "{{\"header.comment_initiator\" | gfTranslate}}"
            },
            "level" : {
              "type" : "constant",
              "value" : "Level 4"
            },
            "alignment" : {
              "type" : "constant",
              "value" : "left"
            }
          },
          "reference" : "552c1532-fa55-459c-b39a-c157ddd9d409",
          "id" : "pbTitle"
        } ], [ {
          "type" : "component",
          "dimension" : {
            "xs" : 12
          },
          "propertyValues" : {
            "cssClasses" : {
              "type" : "constant",
              "value" : ""
            },
            "hidden" : {
              "type" : "constant",
              "value" : false
            },
            "readOnly" : {
              "type" : "constant",
              "value" : true
            },
            "required" : {
              "type" : "constant",
              "value" : false
            },
            "minLength" : {
              "type" : "constant",
              "value" : ""
            },
            "maxLength" : {
              "type" : "constant",
              "value" : ""
            },
            "labelHidden" : {
              "type" : "constant",
              "value" : true
            },
            "label" : {
              "type" : "interpolation",
              "value" : "Default label"
            },
            "labelPosition" : {
              "type" : "constant",
              "value" : "top"
            },
            "labelWidth" : {
              "type" : "constant",
              "value" : 4
            },
            "value" : {
              "type" : "variable",
              "value" : "GFprocessCurrentComment"
            }
          },
          "reference" : "6e527f4b-9b1c-4fe1-a5db-e265fc3c7b3b",
          "id" : "pbTextarea"
        } ], [ {
          "type" : "component",
          "dimension" : {
            "xs" : 12
          },
          "propertyValues" : {
            "cssClasses" : {
              "type" : "constant",
              "value" : ""
            },
            "hidden" : {
              "type" : "constant",
              "value" : false
            },
            "text" : {
              "type" : "interpolation",
              "value" : "{{\"header.comment\" | gfTranslate}}"
            },
            "level" : {
              "type" : "constant",
              "value" : "Level 4"
            },
            "alignment" : {
              "type" : "constant",
              "value" : "left"
            }
          },
          "reference" : "b22e6291-1447-40db-b3f0-c5f49f5b412f",
          "id" : "pbTitle"
        } ], [ {
          "type" : "component",
          "dimension" : {
            "xs" : 12
          },
          "propertyValues" : {
            "cssClasses" : {
              "type" : "constant",
              "value" : ""
            },
            "hidden" : {
              "type" : "constant",
              "value" : false
            },
            "readOnly" : {
              "type" : "constant",
              "value" : false
            },
            "required" : {
              "type" : "constant",
              "value" : false
            },
            "minLength" : {
              "type" : "constant",
              "value" : ""
            },
            "maxLength" : {
              "type" : "constant",
              "value" : ""
            },
            "labelHidden" : {
              "type" : "constant",
              "value" : false
            },
            "label" : {
              "type" : "interpolation",
              "value" : ""
            },
            "labelPosition" : {
              "type" : "constant",
              "value" : "left"
            },
            "labelWidth" : {
              "type" : "constant"
            },
            "value" : {
              "type" : "variable",
              "value" : "formInput.comment_input"
            }
          },
          "reference" : "9050bbec-6f9f-41e6-b5b9-23226441945e",
          "id" : "pbTextarea"
        } ], [ {
          "type" : "component",
          "dimension" : {
            "xs" : 12
          },
          "propertyValues" : {
            "cssClasses" : {
              "type" : "constant",
              "value" : ""
            },
            "hidden" : {
              "type" : "constant",
              "value" : false
            },
            "disabled" : {
              "type" : "constant",
              "value" : false
            },
            "required" : {
              "type" : "constant",
              "value" : false
            },
            "labelHidden" : {
              "type" : "constant",
              "value" : false
            },
            "label" : {
              "type" : "interpolation",
              "value" : ""
            },
            "labelPosition" : {
              "type" : "constant",
              "value" : "left"
            },
            "labelWidth" : {
              "type" : "constant"
            },
            "inline" : {
              "type" : "constant",
              "value" : true
            },
            "availableValues" : {
              "type" : "expression",
              "value" : "choiceValues"
            },
            "displayedKey" : {
              "type" : "constant",
              "value" : "value"
            },
            "returnedKey" : {
              "type" : "constant",
              "value" : "key"
            },
            "selectedValue" : {
              "type" : "variable",
              "value" : "formInput.validation_input"
            }
          },
          "reference" : "9b7a9be8-e571-4687-a8cf-49dbbaa92922",
          "id" : "pbRadioButtons"
        } ], [ {
          "type" : "component",
          "dimension" : {
            "xs" : 12
          },
          "propertyValues" : {
            "removeItem" : {
              "type" : "variable"
            },
            "cssClasses" : {
              "type" : "constant",
              "value" : ""
            },
            "widgetId" : {
              "type" : "constant",
              "value" : "pbButton"
            },
            "buttonStyle" : {
              "type" : "constant",
              "value" : "primary"
            },
            "isDisplayed" : {
              "type" : "constant",
              "value" : true
            },
            "label" : {
              "type" : "interpolation",
              "value" : "{{\"button.submit\" | gfTranslate}}"
            },
            "dataToSend" : {
              "type" : "expression",
              "value" : "formOutput"
            },
            "labelHidden" : {
              "type" : "constant",
              "value" : false
            },
            "readonly" : {
              "type" : "constant",
              "value" : false
            },
            "collectionPosition" : {
              "type" : "constant"
            },
            "targetUrlOnSuccess" : {
              "type" : "interpolation",
              "value" : "/workflow/success?message=Your comment has been sent"
            },
            "action" : {
              "type" : "constant",
              "value" : "Submit task"
            },
            "collectionToModify" : {
              "type" : "variable"
            },
            "valueToAdd" : {
              "type" : "expression"
            },
            "disabled" : {
              "type" : "expression",
              "value" : "$form.$invalid"
            },
            "alignment" : {
              "type" : "constant",
              "value" : "center"
            },
            "class" : {
              "type" : "constant",
              "value" : "org.bonitasoft.web.designer.experimental.parametrizedWidget.ButtonWidget"
            },
            "dimension" : {
              "type" : "constant",
              "value" : 12
            },
            "hidden" : {
              "type" : "constant",
              "value" : false
            },
            "url" : {
              "type" : "interpolation"
            },
            "dataFromSuccess" : {
              "type" : "variable",
              "value" : ""
            },
            "dataFromError" : {
              "type" : "variable",
              "value" : ""
            }
          },
          "reference" : "226f84c3-1031-4bda-8d56-bdf95d678e6d",
          "id" : "pbButton"
        } ] ]
      }
    } ], [ {
      "type" : "container",
      "dimension" : {
        "xs" : 12
      },
      "propertyValues" : {
        "cssClasses" : {
          "type" : "constant",
          "value" : "thumbnail"
        },
        "hidden" : {
          "type" : "constant",
          "value" : false
        },
        "repeatedCollection" : {
          "type" : "variable",
          "value" : ""
        }
      },
      "reference" : "e932009b-0542-469a-abcd-ff3638776345",
      "id" : "pbContainer",
      "rows" : [ [ {
        "type" : "component",
        "dimension" : {
          "xs" : 12
        },
        "propertyValues" : {
          "cssClasses" : {
            "type" : "constant",
            "value" : ""
          },
          "hidden" : {
            "type" : "constant",
            "value" : false
          },
          "text" : {
            "type" : "interpolation",
            "value" : "{{\"header.history\" | gfTranslate}}"
          },
          "level" : {
            "type" : "constant",
            "value" : "Level 4"
          },
          "alignment" : {
            "type" : "constant",
            "value" : "left"
          }
        },
        "reference" : "3b3ea0c9-b528-4bcb-906e-1228d27a0968",
        "id" : "pbTitle"
      } ], [ {
        "type" : "component",
        "dimension" : {
          "xs" : 12
        },
        "propertyValues" : {
          "cssClasses" : {
            "type" : "constant",
            "value" : ""
          },
          "hidden" : {
            "type" : "constant",
            "value" : false
          },
          "context" : {
            "type" : "variable",
            "value" : ""
          }
        },
        "reference" : "4fedc306-2742-4870-aaeb-ac25b9dbd1e1",
        "id" : "customProcessHistory"
      } ] ]
    } ] ]
  } ] ],
  "assets" : [ {
    "id" : "71ec20b9-53e6-461f-b4bd-501eb2b51eda",
    "name" : "gofast_ui_designer_translate.js",
    "type" : "js",
    "order" : 1,
    "external" : false
  }, {
    "id" : "edfd5332-28ae-4912-adfd-b1fb2ab2da68",
    "name" : "style.css",
    "type" : "css",
    "order" : 0,
    "external" : false
  } ],
  "inactiveAssets" : [ ],
  "data" : {
    "task" : {
      "type" : "url",
      "value" : "../API/bpm/userTask/{{taskId}}",
      "exposed" : false
    },
    "formInput" : {
      "type" : "json",
      "value" : "{\r\n  \"comment_input\" : \"\",\r\n  \"validation_input\" : \"1\"\r\n}",
      "exposed" : false
    },
    "formOutput" : {
      "type" : "expression",
      "value" : "return {\n\t'comment_input': $data.formInput.comment_input,\n\t'validation_input': $data.formInput.validation_input,\n};",
      "exposed" : false
    },
    "context" : {
      "type" : "url",
      "value" : "../API/bpm/userTask/{{taskId}}/context",
      "exposed" : false
    },
    "taskId" : {
      "type" : "urlparameter",
      "value" : "id",
      "exposed" : false
    },
    "choiceValues" : {
      "type" : "expression",
      "value" : "if($data.langcode == \"fr\"){\n    return JSON.parse('[{\"key\": \"1\", \"value\": \"Accepter\"}, {\"key\": \"0\", \"value\": \"Refuser\"}]');\n}else if($data.langcode == \"nl\"){\n    return JSON.parse('[{\"key\": \"1\", \"value\": \"Aanvaarden\"}, {\"key\": \"0\", \"value\": \"Weigeren\"}]');\n}else{\n    return JSON.parse('[{\"key\": \"1\", \"value\": \"Accept\"}, {\"key\": \"0\", \"value\": \"Refuse\"}]');\n}",
      "exposed" : false
    },
    "langcode" : {
      "type" : "urlparameter",
      "value" : "locale",
      "exposed" : false
    },
    "GFprocessCurrent" : {
      "type" : "url",
      "value" : "../{{case_context.processCurrent_ref.link}}",
      "exposed" : false
    },
    "caseId" : {
      "type" : "expression",
      "value" : "if(typeof $data.task == \"undefined\" || $data.task === null || $data.task == \"\"){\n    return;\n}\n\nreturn $data.task.caseId;",
      "exposed" : false
    },
    "case_context" : {
      "type" : "url",
      "value" : "../API/bpm/case/{{caseId}}/context",
      "exposed" : false
    },
    "GFprocessCurrentComment" : {
      "type" : "expression",
      "value" : "if(typeof $data.GFprocessCurrent == \"undefined\" || $data.GFprocessCurrent === null || $data.GFprocessCurrent == \"\"){\n    return \"\";\n}\n\nif(typeof $data.GFprocessCurrent.contents == \"undefined\" || $data.GFprocessCurrent.contents === null || $data.GFprocessCurrent.contents == \"\"){\n    return \"\";\n}\n\nfor (var i in $data.GFprocessCurrent.contents){\n    if($data.GFprocessCurrent.contents[i].name == \"Comment\"){\n        return $data.GFprocessCurrent.contents[i].content_value;\n    }\n}\n\nreturn \"\";",
      "exposed" : false
    }
  },
  "uuid" : "8a0a8fc2-c1e3-4fad-9653-f820ae0040b8",
  "type" : "form"
}