{"modelVersion":"2.2","previousArtifactVersion":"1.7.69","id":"FullDashboardSearch","name":"FullDashboardSearch","lastUpdate":1646393791729,"rows":[[{"type":"component","dimension":{"xs":12},"propertyValues":{"cssClasses":{"type":"constant","value":""},"hidden":{"type":"constant","value":false},"selectedRow":{"type":"variable","value":"Selected"},"session":{"type":"variable","value":"session"},"page":{"type":"variable","value":"page"},"content":{"type":"variable","value":"content.response.content"},"pageCount":{"type":"variable","value":"content.pagination"}},"reference":"c0055acc-8f23-40b6-841d-3706a176ac7d","hasValidationError":false,"id":"customGofastProcessTable"}]],"assets":[{"id":"149b2038-a2b3-4840-935f-ca2e3248e32b","name":"gofast_ui_designer_translate.js","type":"js","order":1,"external":false},{"id":"d59010cc-a88b-4410-87b0-5fbd51e5240d","name":"style.css","type":"css","order":0,"external":false}],"inactiveAssets":[],"variables":{"creator":{"type":"urlparameter","value":["creator"],"exposed":false},"documents":{"type":"urlparameter","value":["documents"],"exposed":false},"session":{"type":"url","value":["../API/system/session/unusedId"],"exposed":false},"custom":{"type":"urlparameter","value":["custom"],"exposed":false},"started":{"type":"urlparameter","value":["started"],"exposed":false},"type":{"type":"urlparameter","value":["type"],"exposed":false},"title":{"type":"urlparameter","value":["title"],"exposed":false},"content":{"type":"url","value":["../API/extension/processSearch?p={{page}}&c=10&creator={{creator}}&type={{type}}&title={{title}}&users={{users}}&documents={{documents}}&deadline={{deadline}}&started={{started}}&state={{state}}&custom={{custom}}"],"exposed":false},"users":{"type":"urlparameter","value":["users"],"exposed":false},"Selected":{"type":"constant","exposed":false},"page":{"type":"constant","value":["0"],"exposed":false},"state":{"type":"urlparameter","value":["state"],"exposed":false},"deadline":{"type":"urlparameter","value":["deadline"],"exposed":false}},"hasValidationError":false,"uuid":"92bad06f-47a3-4ea3-b7dd-e755c073d97b","type":"page","description":"Page generated with Bonita UI designer"}