{
  "designerVersion" : "1.7.69",
  "id" : "customProcessHistory",
  "name" : "ProcessHistory",
  "lastUpdate" : 1623683540013,
  "template" : "<!-- view -->\n  <timeline>\n   <ul class=\"timeline\" ng-transclude=\"\">\n    <timeline-event ng-repeat=\"event in events\">\n      <li class=\"timeline-event {{event.inverted}}\" ng-class-odd=\"oddClass\" ng-class-even=\"evenClass\" ng-transclude=\"\">\n        <timeline-badge class=\"bounce-in {{event.badgeClass}}\" when-visible=\"animateElementIn\" when-not-visible=\"animateElementOut\">\n            <i class=\"glyphicon {{event.badgeIconClass}}\"></i>\n        </timeline-badge>\n        <timeline-panel class=\"bounce-in {{event.badgeClass}}\" when-visible=\"animateElementIn\" when-not-visible=\"animateElementOut\">\n            <timeline-heading>\n              <h4 ng-bind-html=\"event.title | gfdTranslate\"></h4>\n            </timeline-heading>\n            <small class=\"text-muted ng-binding\"> <i class=\"glyphicon glyphicon-time\"></i>\n                    {{event.infos_date|date:\"dd/MM/yyyy HH:mm\"}}\n            </small>\n            &nbsp;\n            <small class=\"text-muted ng-binding\"> <i class=\"glyphicon glyphicon-user\"></i>\n                    {{event.infos_actor}}\n            </small>\n            <br>\n            <p style=\"margin:8px;\" ng-bind-html=\"event.content\" class=\"ng-binding ng-scope\"></p>\n        </timeline-panel>\n      </li>\n    </timeline-event>\n    <timeline-event>\n      <li class=\"timeline-event\" ng-class-odd=\"oddClass\" ng-class-even=\"evenClass\" ng-transclude=\"\">\n        <timeline-badge class=\"bounce-in success\" when-visible=\"animateElementIn\" when-not-visible=\"animateElementOut\">\n            <i class=\"glyphicon glyphicon-play\"></i>\n        </timeline-badge>\n        <timeline-panel class=\"bounce-in success\" when-visible=\"animateElementIn\" when-not-visible=\"animateElementOut\">\n            <timeline-heading>\n                <h4>{{\"Starting workflow\" | gfdTranslate}}</h4>\n            </timeline-heading>\n           <p class=\"ng-scope\">\n                {{process.title}}\n                <br />\n                <small class=\"text-muted ng-binding\"> <i class=\"glyphicon glyphicon-time\"></i>\n                    {{process.start_date|date:\"dd/MM/yyyy HH:mm\"}}\n                </small>\n                 &nbsp;\n                <small class=\"text-muted ng-binding\"> <i class=\"glyphicon glyphicon-user\"></i>\n                    {{process.initiator}}\n                </small>\n            </p>\n        </timeline-panel>\n      </li>\n    </timeline-event>\n   </ul>\n  </timeline>",
  "controller" : "function displayHistoryWidget($scope, $http, $location, $sce, $filter) {\n    $scope.events = [];\n    $scope.process = [];\n    var type_page = \"form\";\n    if ($location.$$absUrl.indexOf(\"processInstance/\") !== -1) {\n        type_page = \"summary\";\n    } else if ($location.$$absUrl.indexOf(\"historyBdm/\") !== -1) {\n        type_page = \"historybdm\";\n    }\n\n    if (type_page === \"form\") {\n        //load context manually\n        //var url = new URL($location.$$absUrl);\n        // var id = url.searchParams.get(\"id\");\n        var id = getParameterByName(\"id\");\n        $http.get(\"/bonita/API/bpm/userTask/\" + id).then(\n                function successCallback(response) {\n                    id = response.data.rootCaseId;\n                    $http.get(\"/bonita/API/bpm/case/\" + id + \"/context\").then(\n                            function successCallback(response) {\n                                $scope.context = response.data;\n                            }\n                    );\n                }\n        );\n    } else if (type_page === \"historybdm\") {\n        //var url = new URL($location.$$absUrl);\n        //var persistenceId = url.searchParams.get(\"persistenceId\");\n        var persistenceId = getParameterByName(\"persistenceId\");\n        $http.get(\"/bonita/API/bdm/businessData/com.company.model.ProcessHistory/\" + persistenceId).then(\n                function successCallback(response) {\n                    $scope.context = response;\n                }\n        );\n    } else {\n        //load context manually\n        //var url = new URL($location.$$absUrl);\n        //var id = url.searchParams.get(\"id\");\n        var id = getParameterByName(\"id\");\n        $http.get(\"/bonita/API/bpm/case/\" + id + \"/context\").then(\n                function successCallback(response) {\n                    $scope.context = response.data;\n                }\n        );\n    }\n\n    $scope.$watch(\"context\", function () {\n        if (typeof $scope.context == \"undefined\") {\n            return;\n        }\n\n        //we loop each variables from context to search processhistory variable\n        var processHistory;\n        if (type_page === \"historybdm\") {\n            processHistory = $scope.context;\n            processHistory.link = \"\";\n        } else {\n            for (var property in $scope.context) {\n                if ($scope.context.hasOwnProperty(property)) {\n                    if ($scope.context[property].type == \"com.company.model.ProcessHistory\") {\n                        processHistory = $scope.context[property];\n                    }\n                }\n            }\n        }\n        var data_json;\n        $http.get(\"/bonita/\" + processHistory.link).then(\n                function successCallback(response) {\n                    if (type_page === \"historybdm\") {\n                        data_json = processHistory.data;\n                    } else {\n                        data_json = response.data;\n                    }\n                    $scope.process.start_date = data_json.start_date;\n                    $scope.process.initiator = data_json.initiator;\n                    if (typeof data_json.title == \"undefined\") {\n                        $scope.process.title = \"\";\n                    } else {\n                        $scope.process.title = data_json.title;\n                    }\n                    var inverted = \"timeline-inverted\";\n                    data_json.lines.reverse().forEach(function (element) {\n                        if (inverted === \"\") {\n                            inverted = \"timeline-inverted\";\n                        } else {\n                            inverted = \"\";\n                        }\n                        //construct display depending on task infos\n                        var task_object = JSON.parse(element.task_object);\n                        var badgeclass = \"success\";\n                        var badgeiconclass = \"glyphicon-check\";\n                        var infos_date = task_object.date;\n                        var infos_actor = task_object.actor_displayname;\n                        var content = \"\";\n                        var content_node = \"\";\n                        var display_content = false;\n                        var content_user = \"\";\n                        var display_content_user = false;\n                        //then loop inside contents to get all pair key=>values stored by process\n\n                        element.contents.forEach(function (mycontent) {\n                            if (mycontent.type === \"string\") {\n                                content = content + $sce.trustAsHtml(\"<li><span class='ng-binding'> <i class='glyphicon glyphicon-th-list'></i> <u>\" + $filter('gfdTranslate')(mycontent.name) + \"</u> : \" + mycontent.content_value + \"</span></li>\");\n                            } else if (mycontent.type === \"node\") {\n                                display_content = true;\n                                var json_node = JSON.parse(mycontent.content_value);\n                                var content_nid = \"\";\n                                var content_title = \"\";\n                                var content_node_buffer = \"\";\n                                for (var property in json_node) {\n                                    if (json_node.hasOwnProperty(property)) {\n                                        if (property === \"nid\") {\n                                            content_nid = json_node[property];\n                                        } else if (property === \"title\") {\n                                            content_title = json_node[property];\n                                        } else {\n                                            content_node_buffer = content_node_buffer + \"<li><i class='glyphicon glyphicon-tag'></i> \" + property + \" : \" + json_node[property] + \"</li>\";\n                                        }\n                                    }\n                                }\n\n                                if (content_node_buffer != \"\") {\n                                    content_node_buffer = \"<ul>\" + content_node_buffer + \"</ul>\";\n                                }\n                                content_node = content_node + $sce.trustAsHtml(\"<li><small class='text-muted ng-binding'><i class='glyphicon glyphicon-file'></i> <a style='cursor:pointer;text-decoration:none;' onClick='window.parent.parent.Gofast.processAjax(\\\"/node/\" + content_nid + \"\\\");window.parent.parent.modalContentClose();'>\" + content_title + \"</a> \" + content_node_buffer + \"</small></li>\");\n\n\n                            } else if (mycontent.type === \"user\") {\n                                display_content_user = true;\n                                var json_node = JSON.parse(mycontent.content_value);\n                                var content_login = \"\";\n                                var content_displayname = \"\";\n                                var content_user_buffer = \"\";\n                                for (var property in json_node) {\n                                    if (json_node.hasOwnProperty(property)) {\n                                        if (property === \"username\") {\n                                            content_login = json_node[property];\n                                        } else if (property === \"displayname\") {\n                                            content_displayname = json_node[property];\n                                            \n                                            //Try to format assignations\n                                            var regExp = /\\(([^)]+)\\)/;\n                                            var matches = regExp.exec(content_displayname);\n                                            if(matches !== null && matches.length > 1){\n                                                var match = matches[1].trim();\n                                                tmatch = $filter('gfdTranslate')(match);\n                                                content_displayname = content_displayname.replace(match, tmatch);\n                                            }\n                                        } else {\n                                            content_user_buffer = content_user_buffer + \"<li><i class='glyphicon glyphicon-tag'></i> \" + property + \" : \" + json_node[property] + \"</li>\";\n                                        }\n                                    }\n                                }\n\n                                if (content_user_buffer != \"\") {\n                                    content_user_buffer = \"<ul>\" + content_user_buffer + \"</ul>\";\n                                }\n                                content_user = content_user + \"<li><small class='text-muted ng-binding'><i class='glyphicon glyphicon-user'></i> \" + content_displayname + content_user_buffer + \"</small></li>\";\n                            }\n                        });\n                        if (display_content) {\n                            content_node = \"<li><span class='ng-binding'> <i class='glyphicon glyphicon-th-list'></i> <u>\" + $filter('gfdTranslate')(\"Document(s)\") + \" : </u></span><ul>\" + content_node + \"</ul></li>\";\n                        }\n                        if (display_content_user) {\n                            content_user = \"<li><span class='ng-binding'> <i class='glyphicon glyphicon-th-list'></i> <u>\" + $filter('gfdTranslate')(\"Actor(s)\") + \" : </u></span><ul>\" + content_user + \"</ul></li>\";\n                        }\n                        var pre_description = \"\";\n                        if (typeof task_object.pre_description !== \"undefined\") {\n                            pre_description = task_object.pre_description;\n                        }\n                        content = \"<div>\" + pre_description + $filter('gfdTranslate')(task_object.description) + \"</div><ul>\" + content + content_node + content_user + \"</ul>\";\n\n                        if (task_object.type == \"AUTOMATIC_TASK\") {\n                            badgeclass = \"info\";\n                            badgeiconclass = \"glyphicon-wrench\";\n                        }\n\n                        $scope.events.push({\n                            badgeClass: badgeclass,\n                            badgeIconClass: badgeiconclass,\n                            title: $sce.trustAsHtml(task_object.name),\n                            description: task_object.description,\n                            content: $sce.trustAsHtml(content),\n                            inverted: inverted,\n                            infos_actor: infos_actor,\n                            infos_date: infos_date\n                        });\n                    });\n                }\n        );\n\n    });\n\n\n    function getParameterByName(name) {\n        name = name.replace(/[\\[]/, \"\\\\[\").replace(/[\\]]/, \"\\\\]\");\n        var regex = new RegExp(\"[\\\\?&]\" + name + \"=([^&#]*)\"),\n                results = regex.exec(location.search);\n        return results === null ? \"\" : decodeURIComponent(results[1].replace(/\\+/g, \" \"));\n    }\n\n}",
  "description" : "Widget to display ProcessHistory variable",
  "custom" : true,
  "properties" : [ ],
  "assets" : [ {
    "id" : "0e62ba2b-f2b6-40a2-a610-a70a78f8c6c3",
    "name" : "angular-timeline.css",
    "type" : "css",
    "order" : 2,
    "external" : false
  }, {
    "id" : "47fe3d4f-c030-4d38-9bd8-707dfeaabdf1",
    "name" : "angular-timeline-bootstrap.css",
    "type" : "css",
    "order" : 4,
    "external" : false
  }, {
    "id" : "5e035909-3de1-4e0e-916b-73e84f796568",
    "name" : "angular-timeline.js",
    "type" : "js",
    "order" : 1,
    "external" : false
  }, {
    "id" : "ec085923-447c-40cb-8023-8b812f541bcb",
    "name" : "angular-timeline-animations.css",
    "type" : "css",
    "order" : 3,
    "external" : false
  }, {
    "id" : "f4973103-b82c-4e1c-b817-9c1a1b00f5ba",
    "name" : "gofast_ui_designer_translate.js",
    "type" : "js",
    "order" : 6,
    "external" : false
  }, {
    "id" : "402e2508-5ca2-45d3-88bd-2a6570307714",
    "name" : "angular-scroll-animate.js",
    "type" : "js",
    "order" : 5,
    "external" : false
  } ],
  "requiredModules" : [ ],
  "type" : "widget",
  "hasHelp" : false
}