{"modelVersion":"2.2","properties":[{"label":"Instances IDS","name":"instancesIds","help":"Liste des instancesId","type":"text","bond":"variable"},{"label":"Selected Row","name":"selectedRow","type":"text","bond":"variable"}],"id":"customGofastProcessHistoryTable","name":"gofastProcessHistoryTable","lastUpdate":1672144468677,"template":"@customGofastProcessHistoryTable.tpl.html","controller":"@customGofastProcessHistoryTable.ctrl.js","custom":true,"assets":[{"id":"b8b12ed5-bd66-4cec-9e15-e14353859730","name":"fontawesome-webfont.svg","type":"css","order":7,"external":false},{"id":"2d52389a-a2b7-4ef4-8c2f-617d19a988de","name":"fontawesome-webfont.woff2","type":"css","order":4,"external":false},{"id":"af08e80f-92ed-4fcd-b317-95be502c6c5a","name":"gofast_ui_designer_translate.js","type":"js","order":10,"external":false},{"id":"ee5f3a4d-681e-4c63-9d33-99efabfa1dcf","name":"font-awesome.css","type":"css","order":3,"external":false},{"id":"165936bc-56f5-4f63-b8b7-7aebbd5fab88","name":"fontawesome-webfont.woff","type":"css","order":5,"external":false},{"id":"6ac25c22-b1b4-4aec-b794-9b7863b306b5","name":"jquery.min.js","type":"js","order":1,"external":false},{"id":"25d3e7ce-aeed-4cd0-991d-aebaf2f55087","name":"gofast.css","type":"css","order":11,"external":false},{"id":"611cf1b8-c3bc-4e4b-9ca1-68d518a35335","name":"fontawesome-webfont.ttf","type":"css","order":5,"external":false},{"id":"192c9dcb-cfd7-4f64-90ae-2008ee4ea6c0","name":"FontAwesome.otf","type":"css","order":9,"external":false},{"id":"1d38a420-05b4-49f9-888d-3b05a852d286","name":"fontawesome-webfont.eot","type":"css","order":8,"external":false}],"requiredModules":[],"type":"widget","hasHelp":false}