{
  "designerVersion" : "1.7.69",
  "id" : "TasksInProcess",
  "name" : "TasksInProcess",
  "lastUpdate" : 1569596724667,
  "rows" : [ [ {
    "type" : "component",
    "dimension" : {
      "xs" : 12
    },
    "propertyValues" : {
      "cssClasses" : {
        "type" : "constant",
        "value" : ""
      },
      "hidden" : {
        "type" : "constant",
        "value" : false
      },
      "selectedRow" : {
        "type" : "variable",
        "value" : "Selected"
      },
      "session" : {
        "type" : "variable",
        "value" : "session"
      },
      "page" : {
        "type" : "variable",
        "value" : "page"
      },
      "content" : {
        "type" : "variable",
        "value" : "my_tasks.response.content"
      },
      "pageCount" : {
        "type" : "variable",
        "value" : "my_tasks.pagination"
      }
    },
    "reference" : "e620be47-229e-41a8-82d5-fc2062416f69",
    "id" : "customGofastTasksInProcessTable"
  } ] ],
  "assets" : [ {
    "id" : "149b2038-a2b3-4840-935f-ca2e3248e32b",
    "name" : "gofast_ui_designer_translate.js",
    "type" : "js",
    "order" : 1,
    "external" : false
  }, {
    "id" : "d59010cc-a88b-4410-87b0-5fbd51e5240d",
    "name" : "style.css",
    "type" : "css",
    "order" : 0,
    "external" : false
  } ],
  "inactiveAssets" : [ ],
  "data" : {
    "my_tasks" : {
      "type" : "url",
      "value" : "../API/extension/tasksInProcess?p={{page}}&c=10&pid={{pid}}",
      "exposed" : false
    },
    "session" : {
      "type" : "url",
      "value" : "../API/system/session/unusedId",
      "exposed" : false
    },
    "Selected" : {
      "type" : "constant",
      "exposed" : false
    },
    "page" : {
      "type" : "constant",
      "value" : "0",
      "exposed" : false
    },
    "pid" : {
      "type" : "urlparameter",
      "value" : "pid",
      "exposed" : false
    }
  },
  "uuid" : "ef6a31b8-e183-4dce-900a-bab381cff12f",
  "type" : "page"
}