{
  "modelVersion" : "2.2",
  "previousArtifactVersion" : "1.7.69",
  "properties" : [
    {
      "label" : "Selected Row",
      "name" : "selectedRow",
      "type" : "text",
      "bond" : "variable"
    },
    {
      "label" : "Session",
      "name" : "session",
      "type" : "text",
      "bond" : "variable"
    },
    {
      "label" : "Page",
      "name" : "page",
      "type" : "text",
      "bond" : "variable"
    },
    {
      "label" : "Content",
      "name" : "content",
      "type" : "text",
      "bond" : "variable"
    },
    {
      "label" : "Page Count",
      "name" : "pageCount",
      "type" : "text",
      "bond" : "variable"
    }
  ],
  "id" : "customGofastTasksTable",
  "name" : "gofastTasksTable",
  "lastUpdate" : 1654502610309,
  "template" : "@customGofastTasksTable.tpl.html",
  "icon" : "<svg xmlns='http://www.w3.org/2000/svg' viewBox='0 0 50 20'><g><path fill='#CBD5E1' d='M36,15v2h11v-2H36z M40,10v2h7v-2H40z M11,10v2h14v-2H11z M3,10v2h3v-2H3z M11,15v2h17v-2H11z M3,15v2h3 v-2H3z'/><path fill='#fff' d='M1,19V1h48v18H1z M0,0v20h50V0H0z'/><path fill='#CBD5E1' d='M1,7v1h7v11h1V8h22v11h1V8h17V7H32V1h-1v6H9V1H8v6H1z'/><path fill='#fff' d='M35,3h12v2H35V3z M11,3h13v2H11V3z M3,3h3v2H3V3z'/></g></svg>",
  "controller" : "@customGofastTasksTable.ctrl.js",
  "description" : "Tabular presentation of data from an array",
  "custom" : true,
  "order" : 17,
  "assets" : [
    {
      "id" : "22e67745-da8d-4f14-ac01-6601c6a58617",
      "name" : "fa-regular-400.ttf",
      "type" : "css",
      "order" : 28,
      "external" : false
    },
    {
      "id" : "6cfb7b64-c417-4d54-ba18-1b99ec44bef6",
      "name" : "fa-brands-400.woff",
      "type" : "css",
      "order" : 22,
      "external" : false
    },
    {
      "id" : "e73057f3-aabc-4ffa-a007-4047247e658d",
      "name" : "gofast_ui_designer_translate.js",
      "type" : "js",
      "order" : 17,
      "external" : false
    },
    {
      "id" : "aae47b53-6554-4f31-af13-e9374a5ddd2a",
      "name" : "fa-regular-400.eot",
      "type" : "css",
      "order" : 26,
      "external" : false
    },
    {
      "id" : "7edb4417-62b5-4fb1-9790-2d69a8f871dc",
      "name" : "fontawesome.css",
      "type" : "css",
      "order" : 7,
      "external" : false
    },
    {
      "id" : "cdf6e5c8-5245-4fdb-8d7b-714412081242",
      "name" : "fa-brands-400.ttf",
      "type" : "css",
      "order" : 21,
      "external" : false
    },
    {
      "id" : "f377071b-3240-4ad3-8ecd-9eb60deb4b56",
      "name" : "regular.css",
      "type" : "css",
      "order" : 31,
      "external" : false
    },
    {
      "id" : "6911a275-b70b-4295-85ff-6e18493a53fc",
      "name" : "fa-solid-900.woff2",
      "type" : "css",
      "order" : 9,
      "external" : false
    },
    {
      "id" : "532b95c0-2d32-4ae2-b24f-95f4d9ae2414",
      "name" : "solid.css",
      "type" : "css",
      "order" : 14,
      "external" : false
    },
    {
      "id" : "bb7421c1-586e-4d12-87bf-cb20f0670dc9",
      "name" : "gofast_file_ext_color.css",
      "type" : "css",
      "order" : 25,
      "external" : false
    },
    {
      "id" : "cfadbc62-41ec-4ffd-96a0-177f3fa3e732",
      "name" : "fa-solid-900.ttf",
      "type" : "css",
      "order" : 11,
      "external" : false
    },
    {
      "id" : "185a1697-7e02-4eb3-8dff-e2bbf8760d43",
      "name" : "fa-solid-900.eot",
      "type" : "css",
      "order" : 13,
      "external" : false
    },
    {
      "id" : "a29fb82f-a7e9-4209-8b9f-343e61b2891c",
      "name" : "brands.css",
      "type" : "css",
      "order" : 24,
      "external" : false
    },
    {
      "id" : "6308f6e7-2a0a-4d10-aa4e-ef113fdd96dc",
      "name" : "fa-brands-400.woff2",
      "type" : "css",
      "order" : 23,
      "external" : false
    },
    {
      "id" : "ba2f57e2-f1c2-4351-ac65-e178f7905caa",
      "name" : "fa-brands-400.svg",
      "type" : "css",
      "order" : 20,
      "external" : false
    },
    {
      "id" : "9aa17ede-c85d-4391-9bde-6eb3daa535ed",
      "name" : "gofast.css",
      "type" : "css",
      "order" : 18,
      "external" : false
    },
    {
      "id" : "ae7a2401-37d1-4054-b460-c87cc06ee0c5",
      "name" : "fa-solid-900.woff",
      "type" : "css",
      "order" : 13,
      "external" : false
    },
    {
      "id" : "2e7a7003-e751-4aad-85d6-ec94534766d6",
      "name" : "fa-regular-400.svg",
      "type" : "css",
      "order" : 27,
      "external" : false
    },
    {
      "id" : "623b64c8-3c20-4f33-9655-7c3287035a2c",
      "name" : "fa-regular-400.woff",
      "type" : "css",
      "order" : 29,
      "external" : false
    },
    {
      "id" : "48ccb24c-580b-469a-a16d-af8b545ea16d",
      "name" : "fa-regular-400.woff2",
      "type" : "css",
      "order" : 30,
      "external" : false
    },
    {
      "id" : "2d19bb42-22d8-4413-9a2c-2bfcfdd1d5b0",
      "name" : "jquery.min.js",
      "type" : "js",
      "order" : 1,
      "external" : false
    }
  ],
  "requiredModules" : [ ],
  "type" : "widget",
  "hasHelp" : false
}