{
  "modelVersion" : "2.2",
  "previousArtifactVersion" : "1.7.69",
  "properties" : [
    {
      "label" : "Selected Row",
      "name" : "selectedRow",
      "type" : "text",
      "bond" : "variable"
    },
    {
      "label" : "Session",
      "name" : "session",
      "type" : "text",
      "bond" : "variable"
    },
    {
      "label" : "Page",
      "name" : "page",
      "type" : "text",
      "bond" : "variable"
    },
    {
      "label" : "Content",
      "name" : "content",
      "type" : "text",
      "bond" : "variable"
    },
    {
      "label" : "Page Count",
      "name" : "pageCount",
      "type" : "text",
      "bond" : "variable"
    }
  ],
  "id" : "customGofastTasksTable",
  "name" : "gofastTasksTable",
  "lastUpdate" : 1715604438397,
  "template" : "@customGofastTasksTable.tpl.html",
  "icon" : "<svg xmlns='http://www.w3.org/2000/svg' viewBox='0 0 50 20'><g><path fill='#CBD5E1' d='M36,15v2h11v-2H36z M40,10v2h7v-2H40z M11,10v2h14v-2H11z M3,10v2h3v-2H3z M11,15v2h17v-2H11z M3,15v2h3 v-2H3z'/><path fill='#fff' d='M1,19V1h48v18H1z M0,0v20h50V0H0z'/><path fill='#CBD5E1' d='M1,7v1h7v11h1V8h22v11h1V8h17V7H32V1h-1v6H9V1H8v6H1z'/><path fill='#fff' d='M35,3h12v2H35V3z M11,3h13v2H11V3z M3,3h3v2H3V3z'/></g></svg>",
  "controller" : "@customGofastTasksTable.ctrl.js",
  "description" : "Tabular presentation of data from an array",
  "custom" : true,
  "order" : 17,
  "assets" : [
    {
      "id" : "4ef51209-8d6b-4792-8753-e3abdddce242",
      "name" : "fa-brands-400.woff",
      "type" : "css",
      "order" : 17,
      "external" : false
    },
    {
      "id" : "ecb8f6cf-281f-446b-96a3-cf8c089a48b2",
      "name" : "gofast.css",
      "type" : "css",
      "order" : 13,
      "external" : false
    },
    {
      "id" : "c9772476-b39c-471b-8013-6304aa93ab19",
      "name" : "gofast_file_ext_color.css",
      "type" : "css",
      "order" : 12,
      "external" : false
    },
    {
      "id" : "1015c965-0863-41c6-b579-68680b646111",
      "name" : "regular.css",
      "type" : "css",
      "order" : 36,
      "external" : false
    },
    {
      "id" : "56a2ea64-8851-4c7b-a80b-4295ac76e85a",
      "name" : "fa-solid-900.ttf",
      "type" : "css",
      "order" : 25,
      "external" : false
    },
    {
      "id" : "9cb07ad6-6049-4f1c-ba72-3b614d27d44d",
      "name" : "fa-brands-400.ttf",
      "type" : "css",
      "order" : 16,
      "external" : false
    },
    {
      "id" : "c53179b9-b14b-4f90-b146-cef5c40e4ff8",
      "name" : "fa-regular-400.woff",
      "type" : "css",
      "order" : 22,
      "external" : false
    },
    {
      "id" : "aec6eb40-7667-47d6-9323-70e748c52649",
      "name" : "solid.css",
      "type" : "css",
      "order" : 37,
      "external" : false
    },
    {
      "id" : "e73057f3-aabc-4ffa-a007-4047247e658d",
      "name" : "gofast_ui_designer_translate.js",
      "type" : "js",
      "order" : 9,
      "external" : false
    },
    {
      "id" : "a872ba72-f7d1-48c1-801b-0862b419cf6a",
      "name" : "brands.css",
      "type" : "css",
      "order" : 14,
      "external" : false
    },
    {
      "id" : "e1a47f67-1f26-47e0-9fb3-8d969723a127",
      "name" : "fa-regular-400.eot",
      "type" : "css",
      "order" : 19,
      "external" : false
    },
    {
      "id" : "de37df95-1f6c-4951-8556-93a4db9f49bd",
      "name" : "fa-solid-900.woff",
      "type" : "css",
      "order" : 26,
      "external" : false
    },
    {
      "id" : "72c0f644-f0f0-4cd1-b062-ac89dd5bfb30",
      "name" : "fa-brands-400.svg",
      "type" : "css",
      "order" : 15,
      "external" : false
    },
    {
      "id" : "d64620b3-91d0-4c10-a9cb-a0a141844c7c",
      "name" : "fontawesome.css",
      "type" : "css",
      "order" : 29,
      "external" : false
    },
    {
      "id" : "1e4a96e6-583b-4422-b39c-a20f01406f1e",
      "name" : "fa-solid-900.woff2",
      "type" : "css",
      "order" : 27,
      "external" : false
    },
    {
      "id" : "907b127c-e9a5-40d9-aa1d-247f9ec6229f",
      "name" : "fa-brands-400.woff2",
      "type" : "css",
      "order" : 18,
      "external" : false
    },
    {
      "id" : "17c9968a-5757-40c2-bf12-88d9ca2a5731",
      "name" : "fa-regular-400.woff2",
      "type" : "css",
      "order" : 23,
      "external" : false
    },
    {
      "id" : "13c0457a-742c-4c07-8989-c6e650ade0aa",
      "name" : "fa-regular-400.svg",
      "type" : "css",
      "order" : 20,
      "external" : false
    },
    {
      "id" : "ced85763-990f-4dbd-8b13-6578a1f4dff9",
      "name" : "fa-solid-900.eot",
      "type" : "css",
      "order" : 24,
      "external" : false
    },
    {
      "id" : "2d19bb42-22d8-4413-9a2c-2bfcfdd1d5b0",
      "name" : "jquery.min.js",
      "type" : "js",
      "order" : 1,
      "external" : false
    },
    {
      "id" : "96fae8c4-e1d7-4634-bf12-f94e1b4eaf54",
      "name" : "fa-regular-400.ttf",
      "type" : "css",
      "order" : 21,
      "external" : false
    }
  ],
  "requiredModules" : [ ],
  "type" : "widget",
  "hasHelp" : false
}