{"modelVersion":"2.2","previousArtifactVersion":"1.7.69","id":"standardSignatureYousign","name":"standardSignatureYousign","lastUpdate":1709637138163,"rows":[[{"type":"container","dimension":{"xs":12},"propertyValues":{"cssClasses":{"type":"constant","value":""},"hidden":{"type":"constant","value":false},"repeatedCollection":{"type":"variable","value":""}},"reference":"db102691-0f28-4c90-af62-5443adda6cb4","hasValidationError":false,"id":"pbContainer","rows":[[{"type":"tabsContainer","dimension":{"xs":12,"sm":12,"md":12,"lg":12},"propertyValues":{"cssClasses":{"type":"constant","value":""},"hidden":{"type":"constant","value":false},"vertical":{"type":"constant","value":false},"type":{"type":"constant","value":"tabs"}},"reference":"ea77f919-2614-4671-82a0-9036161c4085","hasValidationError":false,"id":"pbTabsContainer","tabList":[{"type":"tabContainer","dimension":{"xs":12,"sm":12,"md":12,"lg":12},"propertyValues":{"cssClasses":{"type":"constant","value":""},"hidden":{"type":"constant","value":false},"disabled":{"type":"constant","value":false},"title":{"type":"interpolation","value":"{{\"label.documentTab\" | gfTranslate}}"},"active":{"type":"variable","value":""}},"reference":"8de22088-835d-4456-be2e-648d53337c27","hasValidationError":false,"id":"pbTabContainer","container":{"type":"container","dimension":{"xs":12},"propertyValues":{},"reference":"6c360446-246a-478e-964c-dec03a4e28f1","hasValidationError":false,"id":"pbContainer","rows":[[{"type":"component","dimension":{"xs":12,"md":12,"lg":12},"propertyValues":{"cssClasses":{"type":"constant","value":""},"hidden":{"type":"constant","value":false},"procedure":{"type":"expression","value":"yousign_procedure.value"},"height":{"type":"constant"}},"reference":"b6c1fa05-ee92-4ab2-808f-d437ae1b5ca3","hasValidationError":false,"id":"customGofastYousignIframe"}]]}},{"type":"tabContainer","dimension":{"xs":12,"sm":12,"md":12,"lg":12},"propertyValues":{"cssClasses":{"type":"constant","value":""},"hidden":{"type":"constant","value":false},"disabled":{"type":"constant","value":false},"title":{"type":"interpolation","value":"{{\"label.commentTab\" | gfTranslate}}"},"active":{"type":"variable","value":""}},"reference":"227741e3-61a1-4d27-866d-d2a78044bca8","hasValidationError":false,"id":"pbTabContainer","container":{"type":"container","dimension":{"xs":12},"propertyValues":{},"reference":"cbca1283-1d90-422a-bc6e-a9f49eb2f993","hasValidationError":false,"id":"pbContainer","rows":[[{"type":"formContainer","dimension":{"xs":12,"md":12,"lg":12},"propertyValues":{"cssClasses":{"type":"constant","value":"thumbnail"},"hidden":{"type":"constant","value":false}},"reference":"85a67801-c0db-4665-bb9b-35f2e4666747","hasValidationError":false,"id":"pbFormContainer","container":{"type":"container","dimension":{"xs":12},"propertyValues":{},"reference":"6b9960fb-c73b-4c5a-b325-a4e3ba52ed78","hasValidationError":false,"id":"pbContainer","rows":[[{"type":"component","dimension":{"xs":12},"propertyValues":{"cssClasses":{"type":"constant","value":""},"hidden":{"type":"constant","value":false},"text":{"type":"interpolation","value":"{{\"header.comment_initiator\" | gfTranslate}}"},"level":{"type":"constant","value":"Level 4"},"alignment":{"type":"constant","value":"left"}},"reference":"58e5007e-0b7a-4d41-b6d1-6fdbf47d34bb","hasValidationError":false,"id":"pbTitle"}],[{"type":"component","dimension":{"xs":12},"propertyValues":{"cssClasses":{"type":"constant","value":""},"hidden":{"type":"constant","value":false},"readOnly":{"type":"constant","value":true},"required":{"type":"constant","value":false},"minLength":{"type":"constant","value":""},"maxLength":{"type":"constant","value":""},"labelHidden":{"type":"constant","value":true},"label":{"type":"interpolation","value":"Default label"},"labelPosition":{"type":"constant","value":"top"},"labelWidth":{"type":"constant","value":4},"value":{"type":"variable","value":"GFprocessCurrentComment"}},"reference":"7a0be325-ed97-4f55-97fc-e099077492f6","hasValidationError":false,"id":"pbTextarea"}]]}}]]}},{"type":"tabContainer","dimension":{"xs":12,"sm":12,"md":12,"lg":12},"propertyValues":{"cssClasses":{"type":"constant","value":""},"hidden":{"type":"constant","value":false},"disabled":{"type":"constant","value":false},"title":{"type":"interpolation","value":"{{\"label.historyTab\" | gfTranslate}}"},"active":{"type":"variable","value":""}},"reference":"bc272bcc-67d6-442d-a26d-c63217eeba19","hasValidationError":false,"id":"pbTabContainer","container":{"type":"container","dimension":{"xs":12},"propertyValues":{},"reference":"5a453eec-db9c-447f-90ef-3520f4719150","hasValidationError":false,"id":"pbContainer","rows":[[{"type":"container","dimension":{"xs":12,"md":12,"lg":12},"propertyValues":{"cssClasses":{"type":"constant","value":"thumbnail"},"hidden":{"type":"constant","value":false},"repeatedCollection":{"type":"variable","value":""}},"reference":"97966fca-8675-4f17-ad2f-c70fbf7aac21","hasValidationError":false,"id":"pbContainer","rows":[[{"type":"component","dimension":{"xs":12,"md":12,"lg":12},"propertyValues":{"cssClasses":{"type":"constant","value":""},"hidden":{"type":"constant","value":false},"text":{"type":"interpolation","value":"{{\"header.history\" | gfTranslate}}"},"level":{"type":"constant","value":"Level 4"},"alignment":{"type":"constant","value":"left"}},"reference":"f60e5f9c-4dd8-4649-80e4-077d8edbfe84","hasValidationError":false,"id":"pbTitle"}],[{"type":"component","dimension":{"xs":12,"md":12,"lg":12},"propertyValues":{"cssClasses":{"type":"constant","value":""},"hidden":{"type":"constant","value":false},"context":{"type":"variable","value":""}},"reference":"984978e8-0760-4f65-92aa-977b3959d84a","hasValidationError":false,"id":"customProcessHistory"}]]}]]}}]}]]}]],"assets":[{"id":"71ec20b9-53e6-461f-b4bd-501eb2b51eda","name":"gofast_ui_designer_translate.js","type":"js","order":1,"external":false},{"id":"edfd5332-28ae-4912-adfd-b1fb2ab2da68","name":"style.css","type":"css","order":0,"external":false},{"id":"e8519b00-5342-47bb-82d9-18420fb639d5","name":"resize_modal.js","type":"js","order":2,"external":false}],"inactiveAssets":[],"variables":{"langcode":{"type":"urlparameter","value":["locale"],"exposed":false},"task":{"type":"url","value":["../API/bpm/userTask/{{taskId}}"],"exposed":false},"formInput":{"type":"json","value":["{\r","  \"comment_input\" : \"\",\r","  \"validation_input\" : \"1\"\r","}"],"exposed":false},"GFprocessCurrent":{"type":"url","value":["../{{case_context.processCurrent_ref.link}}"],"exposed":false},"formOutput":{"type":"expression","value":["return {","\t'comment_input': $data.formInput.comment_input,","\t'validation_input': $data.formInput.validation_input,","};"],"exposed":false},"caseId":{"type":"expression","value":["if(typeof $data.task == \"undefined\" || $data.task === null || $data.task == \"\"){","    return;","}","","return $data.task.caseId;"],"exposed":false},"yousign_procedure":{"type":"url","value":["../API/bpm/caseVariable/{{caseId}}/yousign_procedure_id"],"exposed":false},"context":{"type":"url","value":["../API/bpm/userTask/{{taskId}}/context"],"exposed":false},"GFprocessCurrentComment":{"type":"expression","value":["if(typeof $data.GFprocessCurrent == \"undefined\" || $data.GFprocessCurrent === null || $data.GFprocessCurrent == \"\"){","    return \"\";","}","","if(typeof $data.GFprocessCurrent.contents == \"undefined\" || $data.GFprocessCurrent.contents === null || $data.GFprocessCurrent.contents == \"\"){","    return \"\";","}","","for (var i in $data.GFprocessCurrent.contents){","    if($data.GFprocessCurrent.contents[i].name == \"Comment\"){","        return $data.GFprocessCurrent.contents[i].content_value;","    }","}","","return \"\";"],"exposed":false},"choiceValues":{"type":"expression","value":["if($data.langcode == \"fr\"){","    return JSON.parse('[{\"key\": \"1\", \"value\": \"Accepter\"}, {\"key\": \"0\", \"value\": \"Refuser\"}]');","}else if($data.langcode == \"nl\"){","    return JSON.parse('[{\"key\": \"1\", \"value\": \"Aanvaarden\"}, {\"key\": \"0\", \"value\": \"Weigeren\"}]');","}else{","    return JSON.parse('[{\"key\": \"1\", \"value\": \"Accept\"}, {\"key\": \"0\", \"value\": \"Refuse\"}]');","}"],"exposed":false},"taskId":{"type":"urlparameter","value":["id"],"exposed":false},"case_context":{"type":"url","value":["../API/bpm/case/{{caseId}}/context"],"exposed":false}},"hasValidationError":false,"uuid":"b41d6372-63f3-46f0-bd5b-e2c2b293a34a","type":"form","description":"Page generated with Bonita UI designer"}