<?xml version="1.0" encoding="UTF-8" standalone="yes"?>
<businessObjectModel modelVersion="1.0" productVersion="7.2.0.beta-02">
    <businessObjects>
        <businessObject qualifiedName="com.company.model.ProcessHistory">
            <fields>
                <field type="STRING" length="255" name="pid" nullable="true" collection="false"/>
                <field type="STRING" length="255" name="initiator" nullable="true" collection="false"/>
                <field type="STRING" length="255" name="start_date" nullable="true" collection="false"/>
                <field type="STRING" length="255" name="end_date" nullable="true" collection="false"/>
                <relationField type="AGGREGATION" reference="com.company.model.LineHistory" fetchType="EAGER" name="lines" nullable="true" collection="true"/>
                <field type="STRING" length="512" name="title" nullable="true" collection="false"/>
                <field type="STRING" length="255" name="summary" nullable="true" collection="false"/>
            </fields>
            <uniqueConstraints/>
            <queries/>
            <indexes/>
        </businessObject>
        <businessObject qualifiedName="com.company.model.LineHistory">
            <fields>
                <field type="STRING" length="255" name="line_date" nullable="true" collection="false"/>
                <relationField type="AGGREGATION" reference="com.company.model.ContentHistory" fetchType="EAGER" name="contents" nullable="true" collection="true"/>
                <field type="STRING" length="255" name="task_id" nullable="true" collection="false"/>
                <field type="TEXT" length="512" name="task_object" nullable="true" collection="false"/>
            </fields>
            <uniqueConstraints/>
            <queries/>
            <indexes/>
        </businessObject>
        <businessObject qualifiedName="com.company.model.ContentHistory">
            <fields>
                <field type="STRING" length="255" name="type" nullable="true" collection="false"/>
                <field type="STRING" length="255" name="name" nullable="true" collection="false"/>
                <field type="TEXT" length="512" name="content_value" nullable="true" collection="false"/>
            </fields>
            <uniqueConstraints/>
            <queries/>
            <indexes/>
        </businessObject>
        <businessObject qualifiedName="com.company.model.ProcessCurrent">
            <fields>
                <field type="STRING" length="255" name="pid" nullable="true" collection="false"/>
                <field type="STRING" length="255" name="initiator" nullable="true" collection="false"/>
                <field type="STRING" length="255" name="start_date" nullable="true" collection="false"/>
                <field type="STRING" length="255" name="end_date" nullable="true" collection="false"/>
                <relationField type="AGGREGATION" reference="com.company.model.ContentCurrent" fetchType="EAGER" name="contents" nullable="true" collection="true"/>
                <field type="STRING" length="512" name="title" nullable="true" collection="false"/>
            </fields>
            <uniqueConstraints/>
            <queries/>
            <indexes/>
        </businessObject>
        <businessObject qualifiedName="com.company.model.ContentCurrent">
            <fields>
                <field type="STRING" length="255" name="type" nullable="true" collection="false"/>
                <field type="STRING" length="255" name="name" nullable="true" collection="false"/>
                <field type="TEXT" length="255" name="content_value" nullable="true" collection="false"/>
            </fields>
            <uniqueConstraints/>
            <queries/>
            <indexes/>
        </businessObject>
    </businessObjects>
</businessObjectModel>
