{
  "designerVersion" : "1.7.69",
  "id" : "LightDashboardDocumentOther",
  "name" : "LightDashboardDocumentOther",
  "lastUpdate" : 1637319135187,
  "rows" : [ [ {
    "type" : "container",
    "dimension" : {
      "xs" : 12
    },
    "propertyValues" : {
      "cssClasses" : {
        "type" : "constant",
        "value" : ""
      },
      "hidden" : {
        "type" : "constant",
        "value" : false
      },
      "repeatedCollection" : {
        "type" : "variable",
        "value" : ""
      }
    },
    "reference" : "8a38b9d7-35f0-46a3-82f4-2ae49f1164f6",
    "id" : "pbContainer",
    "rows" : [ [ {
      "type" : "component",
      "dimension" : {
        "xs" : 12
      },
      "propertyValues" : {
        "cssClasses" : {
          "type" : "constant",
          "value" : ""
        },
        "hidden" : {
          "type" : "constant",
          "value" : false
        },
        "selectedRow" : {
          "type" : "variable",
          "value" : "selected"
        },
        "session" : {
          "type" : "variable",
          "value" : "session"
        },
        "page" : {
          "type" : "variable",
          "value" : "page_other"
        },
        "content" : {
          "type" : "variable",
          "value" : "other_tasks.response.content"
        },
        "pageCount" : {
          "type" : "variable",
          "value" : "page_count_other"
        }
      },
      "reference" : "3ce4dce9-c2d7-4520-9fca-c61a94b4f73e",
      "id" : "customGofastTasksTableDocument"
    } ] ]
  } ] ],
  "assets" : [ {
    "id" : "289d139b-e480-4118-999f-6f6ce03da32c",
    "name" : "style.css",
    "type" : "css",
    "order" : 0,
    "external" : false
  }, {
    "id" : "e76cbb99-c858-4f75-b161-19bc2c33639c",
    "name" : "gofast_ui_designer_translate.js",
    "type" : "js",
    "order" : 2,
    "external" : false
  }, {
    "id" : "db36887c-ce77-429e-adff-7b394e15c8e1",
    "name" : "startWorkflow.js",
    "type" : "js",
    "order" : 1,
    "external" : false
  } ],
  "inactiveAssets" : [ ],
  "data" : {
    "all_processes_from_nid" : {
      "type" : "url",
      "value" : "/api/process/document?nid={{nid}}&return=process_filter",
      "exposed" : false
    },
    "tasks" : {
      "type" : "url",
      "value" : "../API/extension/tasksFromCaseids?p={{page}}&c=5&{{all_processes_from_nid.process_filters}}&assignid={{session.user_id}}&notassignid=0",
      "exposed" : false
    },
    "session" : {
      "type" : "url",
      "value" : "../API/system/session/unusedId",
      "exposed" : false
    },
    "other_tasks" : {
      "type" : "url",
      "value" : "../API/extension/tasksFromCaseids?p={{page_other}}&c=5&{{all_processes_from_nid.process_filters}}&assignid=0&notassignid={{session.user_id}}",
      "exposed" : false
    },
    "selected" : {
      "type" : "constant",
      "exposed" : false
    },
    "nid" : {
      "type" : "urlparameter",
      "value" : "nid",
      "exposed" : false
    },
    "all_instancesids" : {
      "type" : "url",
      "value" : "/api/process/document?nid={{nid}}&return=instanceids",
      "exposed" : false
    },
    "title" : {
      "type" : "urlparameter",
      "value" : "title",
      "exposed" : false
    },
    "page_count_other" : {
      "type" : "expression",
      "value" : "var myresult = $.ajax({\n  type: 'GET',\n  url: '/bonita/API/extension/tasksFromCaseids?p=0&c=0&'+$data.all_processes_from_nid.process_filters+'&assignid=0&notassignid='+$data.session.user_id+'',\n});\n\nreturn myresult.done(function( data, textStatus, jqXHR ){\n   return jqXHR.getResponseHeader('Content-Range');\n});\n",
      "exposed" : false
    },
    "page_other" : {
      "type" : "constant",
      "value" : "0",
      "exposed" : false
    }
  },
  "uuid" : "07527366-45d3-4f41-b34a-577b6a4a1e81",
  "type" : "page"
}