{"modelVersion":"2.2","properties":[{"label":"Value","name":"value","type":"text","defaultValue":"","bond":"variable"},{"label":"Label hidden","name":"labelHidden","type":"boolean","defaultValue":true,"bond":"constant"},{"label":"Label position","name":"labelPosition","type":"choice","defaultValue":"top","choiceValues":["left","top"],"bond":"constant"},{"label":"Label width","name":"labelWidth","type":"integer","defaultValue":4,"bond":"constant"},{"label":"Placeholder","name":"placeholder","type":"text","bond":"interpolation"},{"label":"Entity Type","name":"type","type":"choice","defaultValue":"space","choiceValues":["space"],"bond":"constant"},{"label":"Bundles","name":"bundles","help":"Useless if user type is selected. Define bundles to get. Default : group, organisation, extranet. Use comma separators","type":"text","defaultValue":"group, organisation, extranet","bond":"expression"},{"label":"Label","name":"label","type":"text","defaultValue":"Default name","bond":"interpolation"}],"id":"customGofastMultiAutocomplete","name":"GofastMultiAutocomplete","lastUpdate":1697550354334,"template":"@customGofastMultiAutocomplete.tpl.html","controller":"@customGofastMultiAutocomplete.ctrl.js","custom":true,"assets":[{"id":"55cbcbc8-dea7-4746-b150-bcc4bbe3b638","name":"tagify.polyfills.min.js","type":"js","order":3,"external":false},{"id":"5f0f97aa-1504-409c-8359-e9ed00e99356","name":"tagify.css","type":"css","order":1,"external":false},{"id":"e2cbae7f-49ed-4682-b781-c00e661625d1","name":"style.css","type":"css","order":5,"external":false},{"id":"723a5315-850f-48dd-a1ff-4f287285cb15","name":"tagify.js","type":"js","order":2,"external":false},{"id":"b3c4a8cf-3e0c-4751-b99e-1ebd427badad","name":"gofast_ui_designer_safe_html.js","type":"js","order":4,"external":false}],"requiredModules":[],"type":"widget","hasHelp":false}