{
  "designerVersion" : "1.7.69",
  "id" : "customGofastTree",
  "name" : "gofastTree",
  "lastUpdate" : 1551876963345,
  "template" : "<div class=\"thumbnail\">\r\n <div class=\"loader-tree\"></div>\r\n <ul id=\"tree\" class=\"ztree\" style=\"height: {{properties.height}}px !important;\"></ul>\r\n</div>\r\n\r\n<style>\r\n    #tree{\r\n        width: 100% !important;\r\n        overflow:auto;\r\n    }\r\n    .fa{\r\n        color: steelblue;\r\n    }\r\n    .loader-tree{\r\n        border: 3px solid #f3f3f3;\r\n        border-radius: 50%;\r\n        border-top: 3px solid #3498db;\r\n        border-bottom: 3px solid #3498db;\r\n        width: 20px;\r\n        height: 20px;\r\n        -webkit-animation: spin 2s linear infinite;\r\n        animation: spin-loader 2s linear infinite;\r\n        margin: 0 auto;\r\n        float: left;\r\n        position: absolute;\r\n    }\r\n    @keyframes spin-loader{\r\n        0% { transform: rotate(0deg); }\r\n        100% { transform: rotate(360deg); }\r\n    }\r\n    \r\n    #tree_1_switch, #tree_1_check, #tree_1_a{\r\n        display:none;\r\n    }\r\n</style>",
  "icon" : "<svg xmlns='http://www.w3.org/2000/svg' viewBox='0 0 50 20'><path fill='#fff' d='M20 12.9l1.1 1.1-3.3 3-1.8-2 .1-.8 1.6 1.2 2.3-2.5zM14 11h9v8h-9v-8zm1 7h7v-6h-7v6zm6.1-14L20 2.9l-2.3 2.5-1.6-1.2-.1.8 1.7 2 3.4-3zM23 1v8h-9V1h9zm-1 1h-7v6h7V2z'/><path fill='#CBD5E1' d='M33 6h-7V3h7v3zm10-3h-7v3h7V3zm-5 10H26v3h12v-3zm7 0h-4v3h4v-3z'/></svg>",
  "controller" : "function CustomGofastTree($scope, $parse, widgetNameFactory, $log, $http) {\r\n    this.addWebfontIcon = function(treeId, treeNode){\r\n        var aObj = $(\"#\" + treeNode.tId + \"_ico\");\r\n        //retreive taxo icone\r\n        style = aObj.css('background-image');\r\n        var cleanup = /\\\"|\\'|\\)/g;\r\n        icon = style.split('/').pop().replace('%20', ' ').replace(cleanup, '');\r\n\r\n        if ($(\"#webfont_icon_\"+treeNode.tId).length>0) return;\r\n        var editStr = \" <span id='webfont_icon_\" +treeNode.tId+ \"' class='fa \"+icon+\"'> </span>\";\r\n        aObj.prepend(editStr);\r\n        aObj.css('background', 'transparent');\r\n    }\r\n    \r\n    this.selectClicked = function(e, tid, tnode){\r\n        $scope.zTree.checkNode(tnode, !tnode.checked, false, false);\r\n\t\t$scope.properties.selectedData = JSON.stringify($scope.zTree.getCheckedNodes().map(node => node.ename));\r\n        $scope.$apply();\r\n    }\r\n\t\r\n\tthis.selectCheck = function(tid, tnode){\r\n\t\t$scope.zTree.checkNode(tnode, !tnode.checked, false, false);\r\n\t\t$scope.properties.selectedData = JSON.stringify($scope.zTree.getCheckedNodes().map(node => node.ename));\r\n        $scope.$apply();\r\n\t\treturn false;\r\n    }\r\n    \r\n    this.decodeTreeData = function(tid, pnode, r){\r\n        return JSON.parse(r.tree);\r\n    }\r\n\t\r\n\tthis.otherParam = function(tid, pnode, r){\r\n        if(pnode == null && $scope.properties.origin !== null){\r\n\t\t\treturn {ename: $scope.properties.origin};\r\n\t\t}\r\n\t\treturn [];\r\n    }\r\n    \r\n    this.beforeAsync = function(){\r\n        $(\".loader-tree\").show();\r\n    }\r\n    \r\n    this.onAsyncSuccess = function(){\r\n        $(\".loader-tree\").hide();\r\n    }\r\n    \r\n    this.onAsyncSuccess = function(){\r\n        $(\".loader-tree\").hide();\r\n    }\r\n        \r\n    var callbacks = {\r\n        onClick: $scope.ctrl.selectClicked,\r\n\t\tbeforeCheck: $scope.ctrl.selectCheck,\r\n        beforeAsync: $scope.ctrl.beforeAsync,\r\n        onAsyncSuccess: $scope.ctrl.onAsyncSuccess,\r\n        onAsyncError: $scope.ctrl.onAsyncError,\r\n    }\r\n    \r\n    $scope.setting = {\r\n      check: {\r\n          enable: true,\r\n          chkStyle: $scope.properties.chkStyle\r\n      },\r\n      view: {\r\n        showLine: true,\r\n        selectedMulti: true,\r\n        addDiyDom: $scope.ctrl.addWebfontIcon\r\n      },\r\n      data: {\r\n        keep: {\r\n            parent: true\r\n        }\r\n      },\r\n      async: {\r\n          enable: true,\r\n          url: \"../../../../../../../../api/locations/tree\",\r\n          autoParam: [\"ename\"],\r\n\t\t  otherParam: $scope.ctrl.otherParam,\r\n          contentType: \"application/json\",\r\n          dataFilter: $scope.ctrl.decodeTreeData,\r\n          type: 'POST'\r\n      },\r\n      callback: callbacks\r\n    };\r\n        \r\n    $scope.t = jQuery(\"#tree\");\r\n    $scope.t = jQuery.fn.zTree.init($scope.t, $scope.setting);\r\n    $scope.zTree = jQuery.fn.zTree.getZTreeObj(\"tree\");\r\n}\r\n",
  "description" : "Displays a tree of locations from GoFAST API",
  "custom" : true,
  "order" : 7,
  "properties" : [ {
    "label" : "Selected data",
    "name" : "selectedData",
    "type" : "text",
    "bond" : "variable"
  }, {
    "label" : "Check style",
    "name" : "chkStyle",
    "help" : "Select checkbox for multiple choices",
    "type" : "choice",
    "defaultValue" : "checkbox",
    "choiceValues" : [ "checkbox", "radio" ],
    "bond" : "constant"
  }, {
    "label" : "Height",
    "name" : "height",
    "help" : "Height of the tree",
    "type" : "integer",
    "defaultValue" : 300,
    "bond" : "constant"
  }, {
    "label" : "Original location",
    "name" : "origin",
    "help" : "The locations from where to start (don't set this value to get all locations)",
    "type" : "text",
    "bond" : "expression"
  } ],
  "assets" : [ {
    "id" : "80b44908-66bd-4393-838a-e9a57d770e8b",
    "name" : "font-awesome.min.css",
    "type" : "css",
    "order" : 11,
    "external" : false
  }, {
    "id" : "87ccca72-09e1-4219-8044-af3d213710a3",
    "name" : "jquery-1.4.4.min.js",
    "type" : "js",
    "order" : 1,
    "external" : false
  }, {
    "id" : "4ab792a1-0ccc-47ac-b6cc-25caca7ea0f1",
    "name" : "jquery.ztree.exhide.min.js",
    "type" : "js",
    "order" : 5,
    "external" : false
  }, {
    "id" : "e4e00bff-ee6d-4ac9-9daf-eb27735d571b",
    "name" : "fontawesome-webfont.woff",
    "type" : "css",
    "order" : 9,
    "external" : false
  }, {
    "id" : "a1d98572-e3dc-48e6-9cc7-ede1ec12a308",
    "name" : "jquery.ztree.all.min.js",
    "type" : "js",
    "order" : 4,
    "external" : false
  }, {
    "id" : "3e574dec-8244-4d74-89a9-3a827261b134",
    "name" : "fontawesome-webfont.ttf",
    "type" : "css",
    "order" : 8,
    "external" : false
  }, {
    "id" : "64eba4f4-6450-454e-af50-e9105fbb8c54",
    "name" : "fontawesome-webfont.woff2",
    "type" : "css",
    "order" : 10,
    "external" : false
  }, {
    "id" : "579b3a39-cc7b-4a67-ac77-1e9d503671a4",
    "name" : "zTreeStandard.png",
    "type" : "img",
    "order" : 13,
    "external" : false
  }, {
    "id" : "b5f22aba-3c31-49d8-911c-edc16b2a1be4",
    "name" : "zTreeStyle.css",
    "type" : "css",
    "order" : 7,
    "external" : false
  }, {
    "id" : "06d46359-ad32-4c3f-8b24-9a49db7c17c3",
    "name" : "line_conn.gif",
    "type" : "img",
    "order" : 14,
    "external" : false
  }, {
    "id" : "da3fe02e-9633-4312-bb0f-55660010452c",
    "name" : "zTreeStandard.gif",
    "type" : "img",
    "order" : 12,
    "external" : false
  } ],
  "requiredModules" : [ ],
  "type" : "widget",
  "hasHelp" : false
}