{"modelVersion":"2.2","previousArtifactVersion":"1.7.69","id":"LightDashboardMy","name":"LightDashboardMy","lastUpdate":1654502595066,"rows":[[{"type":"component","dimension":{"xs":12},"propertyValues":{"cssClasses":{"type":"constant","value":""},"hidden":{"type":"constant","value":false},"headers":{"type":"constant","value":["Echéance","Titre","Type","Description"]},"content":{"type":"variable","value":"content"},"columnsKey":{"type":"constant","value":["deadline","title","displayName","displayDescription"]},"selectedRow":{"type":"variable","value":"Selected"},"session":{"type":"variable","value":"session"},"page":{"type":"variable","value":"page"},"pageCount":{"type":"variable","value":"page_count"}},"reference":"9ab43a0c-a300-48a6-8e76-4d16236ae2d0","hasValidationError":false,"id":"customGofastTasksTable"}]],"assets":[{"id":"149b2038-a2b3-4840-935f-ca2e3248e32b","name":"gofast_ui_designer_translate.js","type":"js","order":1,"external":false},{"id":"d59010cc-a88b-4410-87b0-5fbd51e5240d","name":"style.css","type":"css","order":0,"external":false}],"inactiveAssets":[],"variables":{"session":{"type":"url","value":["../API/system/session/unusedId"],"exposed":false},"Selected":{"type":"constant","exposed":false},"page":{"type":"constant","value":["0"],"exposed":false},"my_bonita_tasks":{"type":"url","value":["../../../../../../../../api/process/filter_light_dashboard"],"exposed":false},"my_kanban_tasks":{"type":"url","value":["../../../../../../../api/kanban/user_task"],"exposed":false},"page_count":{"type":"expression","value":["return ($data.my_bonita_tasks.length + $data.my_kanban_tasks.userTasks.tasks.length);","","    "],"exposed":false},"content":{"type":"expression","value":["var content = $data.my_bonita_tasks.concat($data.my_kanban_tasks.userTasks.tasks);","","//Sort content","content.sort(function(a,b){","    var datea = typeof a.dueDate !== \"undefined\" && a.dueDate !== \"\" ? new Date(a.dueDate) : new Date();","    var dateb = typeof b.dueDate !== \"undefined\" && b.dueDate !== \"\" ? new Date(b.dueDate) : new Date();","    return datea - dateb;","});","","var start = $data.page*5;","var end = $data.page*5+5;","","content = content.slice(start, end);","","return content;"],"exposed":false}},"hasValidationError":false,"uuid":"cecd0251-4df7-43a9-8b24-aaffbaada8cc","type":"page","description":"Page generated with Bonita UI designer"}