{"modelVersion":"2.2","id":"standardSignatureDigitalsign","name":"standardSignatureDigitalsign","lastUpdate":1713445818319,"rows":[[{"type":"formContainer","dimension":{"xs":12},"propertyValues":{},"reference":"29ec2744-c0f8-4482-8dbf-d0f5d71676fc","hasValidationError":false,"id":"pbFormContainer","container":{"type":"container","dimension":{"xs":12},"propertyValues":{},"reference":"a29ad444-9393-4521-9e50-1d62e6da7699","hasValidationError":false,"id":"pbContainer","rows":[[{"type":"formContainer","dimension":{"xs":12,"sm":12,"md":12,"lg":12},"propertyValues":{"cssClasses":{"type":"constant","value":""},"hidden":{"type":"constant","value":false}},"reference":"e14b42f8-d461-435e-8851-4ab3dfe39ce2","hasValidationError":false,"id":"pbFormContainer","container":{"type":"container","dimension":{"xs":12},"propertyValues":{},"reference":"b35d15e2-7545-49d8-979a-97962467b7a2","hasValidationError":false,"id":"pbContainer","rows":[[{"type":"component","dimension":{"xs":12,"sm":12,"md":12,"lg":12},"propertyValues":{"cssClasses":{"type":"constant","value":""},"hidden":{"type":"expression","value":"!GFprocessCurrentComment || !GFprocessCurrentComment.length"},"text":{"type":"interpolation","value":"{{\"header.comment_initiator\" | gfTranslate}}"},"level":{"type":"constant","value":"Level 4"},"alignment":{"type":"constant","value":"left"}},"reference":"5bd581a7-c95a-4a8d-ad12-e5fe382bb863","hasValidationError":false,"id":"pbTitle"}],[{"type":"component","dimension":{"xs":12,"sm":12,"md":12,"lg":12},"propertyValues":{"cssClasses":{"type":"constant","value":""},"hidden":{"type":"expression","value":"!GFprocessCurrentComment || !GFprocessCurrentComment.length"},"readOnly":{"type":"constant","value":true},"required":{"type":"constant","value":false},"minLength":{"type":"constant","value":""},"maxLength":{"type":"constant","value":""},"labelHidden":{"type":"constant","value":true},"label":{"type":"interpolation","value":"Default label"},"labelPosition":{"type":"constant","value":"top"},"labelWidth":{"type":"constant","value":4},"value":{"type":"variable","value":"GFprocessCurrentComment"}},"reference":"5ddb70ff-19ff-4d2a-b419-70a69bb124bb","hasValidationError":false,"id":"pbTextarea"}],[{"type":"component","dimension":{"xs":12,"sm":12,"md":12,"lg":12},"propertyValues":{"cssClasses":{"type":"constant","value":""},"hidden":{"type":"constant","value":false},"disabled":{"type":"constant","value":false},"required":{"type":"constant","value":false},"labelHidden":{"type":"constant","value":true},"label":{"type":"interpolation","value":"Select"},"labelPosition":{"type":"constant","value":"top"},"labelWidth":{"type":"constant","value":4},"placeholder":{"type":"interpolation","value":"Select an option"},"availableValues":{"type":"expression","value":"list_nids_list"},"displayedKey":{"type":"constant","value":"title"},"returnedKey":{"type":"constant","value":"nid"},"value":{"type":"variable","value":"current_preview_nid"}},"reference":"0c7d2d9b-e899-4b09-8448-d3fd46feb307","hasValidationError":false,"id":"pbSelect"}],[{"type":"component","dimension":{"xs":12,"sm":12,"md":12,"lg":12},"propertyValues":{"cssClasses":{"type":"constant","value":""},"hidden":{"type":"constant","value":false},"src":{"type":"constant","value":""},"style":{"type":"constant","value":"display:none;width:100%;min-height:300px;border:none"},"iframeID":{"type":"constant","value":"digitalsign_signing_iframe"},"iframeId":{"type":"constant","value":"digitalsign_signing_iframe"}},"reference":"498f89ec-f76e-4b58-a857-4dbd77fd9c62","hasValidationError":false,"id":"customCustomizableIframe"}],[{"type":"component","dimension":{"xs":6,"sm":6,"md":6,"lg":6},"propertyValues":{"cssClasses":{"type":"constant","value":""},"hidden":{"type":"constant","value":false},"disabled":{"type":"constant","value":false},"label":{"type":"interpolation","value":"{{\"label.refuse\" | gfTranslate}}"},"alignment":{"type":"constant","value":"left"},"buttonStyle":{"type":"constant","value":"danger"},"action":{"type":"constant","value":"Submit task"},"assign":{"type":"constant","value":false},"url":{"type":"interpolation"},"responseStatusCode":{"type":"variable","value":""},"dataToSend":{"type":"expression","value":"formOutput"},"dataFromSuccess":{"type":"variable","value":""},"closeOnSuccess":{"type":"constant","value":false},"dataFromError":{"type":"variable","value":""},"targetUrlOnSuccess":{"type":"interpolation","value":"/workflow/success?message=Task done"},"collectionToModify":{"type":"variable"},"modalId":{"type":"constant","value":""},"collectionPosition":{"type":"constant","value":"Last"},"valueToAdd":{"type":"constant"},"removeItem":{"type":"variable"}},"reference":"15c94403-f164-43a8-86ff-c61d06487c68","hasValidationError":false,"id":"pbButton"},{"type":"component","dimension":{"xs":6,"sm":6,"md":6,"lg":6},"propertyValues":{"cssClasses":{"type":"constant","value":""},"hidden":{"type":"constant","value":false},"disabled":{"type":"expression","value":"!digitalsign_request_id || digitalsign_request_id == 0"},"label":{"type":"interpolation","value":"label.sign"},"alignment":{"type":"constant","value":"right"},"buttonStyle":{"type":"constant","value":"success"},"action":{"type":"constant","value":"Submit task"},"assign":{"type":"constant","value":false},"url":{"type":"interpolation"},"responseStatusCode":{"type":"variable","value":""},"dataToSend":{"type":"constant"},"dataFromSuccess":{"type":"variable","value":""},"closeOnSuccess":{"type":"constant","value":false},"dataFromError":{"type":"variable","value":""},"targetUrlOnSuccess":{"type":"interpolation"},"collectionToModify":{"type":"variable"},"modalId":{"type":"constant","value":""},"collectionPosition":{"type":"constant","value":"Last"},"valueToAdd":{"type":"constant"},"removeItem":{"type":"variable"},"requestId":{"type":"expression","value":"digitalsign_request_id"},"requestUrl":{"type":"expression","value":"digital_sign_request_url"}},"reference":"79850dc5-abb2-4e2b-b411-23180aa3c141","hasValidationError":false,"id":"customDigitalSignButton"}],[{"type":"component","dimension":{"xs":12,"sm":12,"md":12,"lg":12},"propertyValues":{"cssClasses":{"type":"constant","value":""},"hidden":{"type":"constant","value":false},"caseId":{"type":"expression","value":"case_id"},"height":{"type":"constant","value":500},"nodeId":{"type":"expression","value":"current_preview_nid"}},"reference":"cbfbbfda-3705-456a-916c-a3d5a4e4aa5a","hasValidationError":false,"id":"customGofastDigitalsignIframeDoc"}]]}}]]}}]],"assets":[{"id":"f27cac11-5d41-405f-8cc1-03482fb97f6d","name":"style.css","type":"css","order":0,"external":false},{"id":"a0e72fe3-1f5e-4df9-b960-a21b4e0baf31","name":"gofast_ui_designer_translate.js","type":"js","order":2,"external":false},{"id":"da4521c0-5414-4d5d-8da9-1d66d65ed1c4","name":"resize_modal.js","type":"js","order":1,"external":false}],"inactiveAssets":[],"variables":{"task":{"type":"url","value":["../API/bpm/userTask/{{taskId}}"],"advancedOptions":{},"exposed":false},"submit_errors_list":{"type":"expression","value":["if($data.formOutput && $data.formOutput._submitError && $data.formOutput._submitError.explanations){","\tconst liElements = $data.formOutput._submitError.explanations","\t\t.filter(cause => cause !== null)","\t\t.map(cause => \"<li>\" + cause + \"</li>\")","\t\t.join('');","\tif(liElements){","\t\treturn \"<ul>\" + liElements + \"</ul>\";","\t}","}"],"exposed":false},"formOutput":{"type":"expression","value":["return {","\t'contract_digitalsign_refused': 'refused',","};"],"exposed":false},"context":{"type":"url","value":["../API/bpm/userTask/{{taskId}}/context"],"exposed":false},"taskId":{"type":"urlparameter","value":["id"],"exposed":false},"case_context":{"type":"url","value":["../API/bpm/case/{{case_id}}/context"],"advancedOptions":{},"exposed":false},"case_id":{"type":"expression","value":["if(typeof $data.task == \"undefined\" || $data.task === null || $data.task == \"\"){","    return;","}","","return $data.task.caseId;"],"exposed":false},"GFprocessCurrent":{"type":"url","value":["../{{case_context.processCurrent_ref.link}}"],"advancedOptions":{},"exposed":false},"GFprocessCurrentComment":{"type":"expression","value":["if(typeof $data.GFprocessCurrent == \"undefined\" || $data.GFprocessCurrent === null || $data.GFprocessCurrent == \"\"){","    return \"\";","}","","if(typeof $data.GFprocessCurrent.contents == \"undefined\" || $data.GFprocessCurrent.contents === null || $data.GFprocessCurrent.contents == \"\"){","    return \"\";","}","","for (var i in $data.GFprocessCurrent.contents){","    if($data.GFprocessCurrent.contents[i].name == \"Comment\"){","        console.log(\"COUCOU\");","        console.log( $data.GFprocessCurrent.contents[i].content_value);","        return $data.GFprocessCurrent.contents[i].content_value;","    }","}","","return \"\";"],"exposed":false},"list_nids":{"type":"url","value":["../API/bpm/caseVariable/{{case_id}}/list_nids"],"advancedOptions":{"headers":"","statusCode":"","failedResponseValue":""},"exposed":false},"list_nids_list":{"type":"expression","value":["var final_list = [];","","var list =  JSON.parse($data.list_nids.value);","list.forEach(function (item, index) {","    $.ajax({","    url: \"../../../../../../../../api/node/node?nid=\"+item+\"&caseId=\"+$data.case_id+\"&taskId=\"+$data.taskId,","    type: \"GET\",","    async: false, // Mode synchrone","    dataType: \"json\",","    complete: function(data){","         var final_item = {\"nid\":item,","            \"title\": data.responseJSON.title,","            \"requestId\": data.responseJSON.field_digitalsign_psigreqid,","             \"requestUrl\": data.responseJSON.digitalsign_portal_url","         };","         final_list.push(final_item);","    }","});",""," // $.get( \"../../../../../../../../api/node/node?nid=\"+item, function( data ) {","","","});","","if($data.current_preview_nid === null){","    $data.current_preview_nid = final_list[0].nid;","  ","}","","return final_list;"],"exposed":false},"current_preview_nid":{"type":"constant","exposed":false},"formInput":{"type":"json","value":["{","  \"contract_digitalsign_refused\" : \"\"","}"],"exposed":false},"digitalsign_request_id":{"type":"expression","value":["if ($data.list_nids_list && $data.list_nids_list.length) {","    return $data.list_nids_list[0].requestId;","}","return 0;"],"exposed":false},"digital_sign_request_url":{"type":"expression","value":["if ($data.list_nids_list && $data.list_nids_list.length) {","    return $data.list_nids_list[0].requestUrl;","}","return 0;"],"exposed":false}},"hasValidationError":false,"uuid":"04a73ce1-01eb-47f0-905a-5a340e755d13","type":"form","description":"Page generated with Bonita UI designer"}